id_venda,data_venda,id_loja,id_produto,id_vendedor,quantidade,valor_unitario,desconto
1,2024-01-07,7,115,16,1,2899.0,20
2,2024-06-17,7,112,16,1,79.9,0
3,2024-03-15,7,142,16,1,449.0,5
4,2024-06-19,11,104,27,3,3299.0,30
5,2024-06-11,2,129,5,1,2503.81,0
6,2024-02-10,7,143,17,1,399.0,0
7,2023-12-08,5,146,12,2,89.9,20
8,2024-05-17,14,135,35,4,1099.0,0
9,2024-01-19,4,150,9,3,129.0,0
10,2024-07-24,15,133,39,2,1199.0,5
11,2024-06-04,10,101,24,1,1899.0,15
12,2023-09-03,11,130,27,1,699.0,5
13,2024-03-11,13,102,34,3,999.0,15
14,2023-11-27,14,117,35,1,2299.0,0
15,2023-11-16,11,140,27,1,249.0,0
16,2024-08-20,7,122,16,1,159.9,5
17,2023-09-29,14,131,36,2,449.0,0
18,2024-01-21,13,108,34,1,1499.0,0
19,2023-11-21,2,109,6,2,2299.0,15
20,2024-06-02,10,126,25,2,2999.0,0
21,2024-05-02,12,150,31,1,129.0,10
22,2024-05-04,2,115,5,3,2899.0,0
23,2024-05-16,14,101,35,1,1899.0,10
24,2024-08-10,15,102,38,1,999.0,10
25,2023-12-22,14,114,36,1,4899.0,5
26,2023-10-18,10,121,24,1,1499.0,15
27,2024-06-18,5,148,12,1,121.37,0
28,2024-02-15,2,133,5,1,1199.0,10
29,2024-03-08,5,144,12,1,299.0,10
30,2023-12-18,10,140,25,2,249.0,5
31,2024-01-20,6,107,15,2,299.0,0
32,2024-05-10,4,135,9,2,1099.0,0
33,2023-12-30,4,147,10,1,181.48,0
34,2024-03-09,7,135,17,1,1099.0,0
35,2024-02-18,11,123,28,2,394.58,0
36,2024-06-13,2,112,5,4,79.9,0
37,2024-04-02,3,118,7,4,199.9,0
38,2023-10-10,7,111,16,3,149.9,0
39,2024-06-15,13,135,34,1,1099.0,25
40,2024-07-28,6,106,13,4,59.9,25
41,2024-02-04,6,131,15,1,449.0,10
42,2023-12-09,12,135,29,2,1099.0,10
43,2023-09-06,15,103,38,1,2899.0,10
44,2024-01-05,2,141,5,1,435.91,0
45,2024-06-25,11,130,27,-1,699.0,5
46,2024-07-03,13,108,34,1,1499.0,0
47,2024-03-11,6,134,13,4,199.0,10
48,2024-08-01,6,105,15,1,5499.0,10
49,2023-11-13,2,124,6,4,129.9,0
50,2024-03-29,6,132,14,1,899.0,10
51,2023-12-03,6,138,15,4,2199.0,5
52,2023-11-11,7,129,16,1,2899.0,15
53,2024-05-04,8,142,20,4,449.0,0
54,2023-12-03,7,149,16,1,229.0,5
55,2023-09-08,7,104,16,1,3299.0,0
56,2024-01-16,6,106,14,1,59.9,5
57,2024-01-21,2,117,4,1,2299.0,15
58,2024-06-27,10,147,26,3,199.0,5
59,2024-06-09,8,125,19,1,2199.0,5
60,2024-04-11,7,118,17,1,199.9,0
61,2023-12-12,8,134,20,2,199.0,0
62,2024-05-19,6,104,14,1,3018.13,10
63,2023-10-08,6,146,13,2,89.9,0
64,2023-11-30,14,133,35,1,1199.0,15
65,2023-09-09,1,143,3,4,399.0,20
66,2023-11-02,2,120,4,3,999.0,15
67,2024-06-21,1,121,1,2,1499.0,0
68,2023-12-07,3,150,7,1,121.98,5
69,2024-02-28,13,124,33,1,129.9,15
70,2024-02-17,14,102,35,3,999.0,10
71,2023-10-27,1,101,40,1,1899.0,0
72,2023-12-23,9,102,22,4,999.0,0
73,2023-12-21,1,110,1,2,6999.0,0
74,2024-08-11,6,133,14,1,1199.0,25
75,2024-07-22,11,146,28,3,89.9,0
76,2023-11-29,9,110,21,1,6999.0,0
77,2024-03-24,6,105,13,2,5499.0,5
78,2024-07-31,9,142,21,1,449.0,15
79,2024-07-16,1,132,2,1,899.0,20
80,2024-05-19,2,115,4,1,2541.32,0
81,2023-12-16,9,128,23,1,1799.0,5
82,2024-08-05,7,117,16,1,2139.32,0
83,2024-03-16,8,146,19,1,89.9,10
84,2024-06-13,13,136,32,2,1399.0,0
85,2023-11-20,12,108,30,1,1499.0,0
86,2023-09-29,2,110,4,3,6999.0,25
87,2023-10-09,4,115,9,1,2899.0,15
88,2024-02-07,7,137,16,1,1629.63,10
89,2024-06-10,4,111,10,4,149.9,10
90,2024-07-04,9,115,23,1,2899.0,0
91,2024-04-05,15,137,39,2,1799.0,15
92,2023-11-15,7,145,17,2,159.0,0
93,2024-08-17,4,121,9,4,1499.0,10
94,2024-05-23,2,117,5,2,2299.0,5
95,2023-09-18,5,136,11,2,1399.0,0
96,2024-07-24,7,117,16,2,2299.0,0
97,2024-02-12,8,130,19,1,699.0,0
98,2023-09-30,1,120,40,1,999.0,5
99,2024-03-27,13,139,33,5,599.0,5
100,2023-09-15,5,116,12,1,1799.0,0
101,2024-06-16,9,148,21,1,139.0,25
102,2024-04-09,3,137,7,1,1799.0,20
103,2023-12-22,12,119,29,1,546.62,0
104,2024-08-29,11,150,27,4,129.0,5
105,2023-11-12,7,146,17,1,89.9,0
106,2023-10-27,13,123,32,1,449.0,0
107,2024-05-27,2,112,6,1,79.9,5
108,2023-12-26,15,140,38,4,249.0,10
109,2023-09-23,2,111,5,1,149.9,10
110,2023-12-11,12,125,30,2,2199.0,0
111,2024-06-03,8,102,19,1,869.7,0
112,2023-09-13,15,148,37,2,139.0,10
113,2024-04-07,5,146,12,1,89.9,0
114,2023-10-30,13,121,33,1,1499.0,15
115,2024-06-19,11,123,28,1,449.0,30
116,2024-08-17,12,138,31,1,2199.0,5
117,2023-12-29,11,121,27,1,1499.0,0
118,2023-10-24,7,999,16,2,199.0,0
119,2023-09-11,5,103,11,2,2899.0,15
120,2024-01-20,15,136,,2,1399.0,15
121,2024-08-18,6,140,14,2,249.0,25
122,2024-07-20,4,149,9,2,229.0,5
123,2024-05-07,7,125,17,3,2199.0,5
124,2024-06-26,6,104,15,2,3299.0,0
125,2023-12-24,9,144,21,1,265.74,20
126,2023-12-17,12,111,29,1,149.9,10
127,2023-11-07,11,148,27,4,139.0,5
128,2024-07-21,12,122,30,4,149.31,0
129,2023-12-12,8,101,20,2,1899.0,20
130,2023-12-16,10,129,26,1,2701.34,0
131,2023-11-13,13,125,33,4,2199.0,0
132,2023-09-09,14,116,36,1,1799.0,0
133,2023-12-01,14,127,35,1,2599.0,5
134,2024-01-12,10,114,99,1,4899.0,10
135,2024-07-08,11,120,27,4,999.0,10
136,2024-06-30,8,138,19,2,2199.0,0
137,2024-02-29,8,147,19,3,199.0,0
138,2024-05-22,1,132,3,1,899.0,15
139,2023-11-30,13,115,34,2,2899.0,15
140,2023-12-09,3,102,7,2,999.0,0
141,2024-04-10,13,110,33,4,6999.0,15
142,2024-07-22,13,146,33,2,89.9,0
143,2023-09-05,14,141,35,1,499.0,5
144,2023-10-13,7,137,16,2,1799.0,25
145,2023-12-20,1,127,3,1,2599.0,5
146,2024-06-24,6,122,15,3,159.9,15
147,2024-06-05,9,129,21,2,2899.0,0
148,2024-05-02,14,103,36,1,2899.0,0
149,2023-12-11,9,134,21,1,199.0,0
150,2023-11-10,9,127,23,3,2599.0,10
151,2024-02-20,6,144,13,1,299.0,5
152,2023-11-12,10,133,25,1,1199.0,0
153,2024-04-13,10,116,24,1,1799.0,10
154,2024-01-15,6,137,13,1,1799.0,0
155,2023-12-07,10,122,25,1,159.9,5
156,2024-05-22,11,150,27,4,129.0,0
157,2023-10-22,6,145,13,1,159.0,0
158,2023-12-30,10,112,24,2,79.9,5
159,2024-05-18,11,114,28,3,4899.0,0
160,2024-03-15,14,135,36,3,1099.0,0
161,2024-05-01,10,105,26,1,5499.0,10
162,2024-05-11,5,143,11,1,399.0,
163,2024-01-23,12,103,29,1,2899.0,0
164,2024-04-19,9,147,23,3,199.0,0
165,2024-01-31,13,105,34,1,5499.0,0
166,2023-11-28,5,136,11,2,1399.0,0
167,2024-02-03,1,106,3,2,59.9,20
168,2024-05-15,1,130,3,1,699.0,0
169,2023-10-11,9,133,23,2,1199.0,5
170,2023-12-26,4,136,9,5,1399.0,0
171,2024-01-14,8,120,20,1,999.0,0
172,2024-01-06,4,130,9,1,699.0,15
173,2024-08-17,99,109,10,3,2299.0,20
174,2024-01-24,9,118,21,3,199.9,0
175,2024-02-27,10,115,25,1,2899.0,15
176,2024-03-12,12,140,30,1,249.0,0
177,2024-08-13,2,145,4,1,159.0,15
178,2023-10-30,12,136,29,2,1399.0,0
179,2024-08-14,10,150,25,2,129.0,25
180,2023-09-13,12,145,30,1,159.0,10
181,2023-11-16,13,138,32,2,2199.0,15
182,2023-11-21,2,127,6,1,2599.0,5
183,2023-12-27,1,137,40,3,1799.0,5
184,2024-07-29,10,137,25,3,1799.0,0
185,2023-12-16,1,117,2,1,2299.0,10
186,2023-12-05,10,113,26,1,3499.0,20
187,2024-08-10,12,120,30,1,999.0,0
188,2024-03-24,3,117,7,2,2299.0,0
189,2024-08-04,4,149,9,2,209.51,20
190,2024-03-19,4,129,10,3,2504.43,20
191,2024-05-29,14,119,36,1,599.0,20
192,2024-05-10,5,136,11,4,1399.0,0
193,2023-09-29,5,121,12,1,1499.0,5
194,2024-06-16,8,133,20,3,1199.0,0
195,2023-12-25,2,122,5,3,159.9,15
196,2024-06-19,15,124,38,2,113.96,10
197,2023-10-14,13,144,33,2,299.0,5
198,2024-03-11,15,103,38,1,2899.0,0
199,2024-06-22,8,116,19,2,1799.0,5
200,2024-07-09,12,117,30,3,2052.43,0
201,2023-09-17,11,122,27,3,159.9,0
202,2023-09-22,15,117,39,2,2299.0,0
203,2023-12-08,7,107,16,1,299.0,5
204,2023-12-01,2,131,6,1,449.0,0
205,2023-11-01,6,108,15,1,1499.0,0
206,2024-08-02,14,122,35,5,159.9,0
207,2024-05-02,6,119,14,2,599.0,0
208,2023-11-26,14,121,35,1,1499.0,0
209,2023-10-22,12,139,30,1,599.0,5
210,2024-05-18,3,133,7,4,1199.0,0
211,2024-03-15,6,124,15,1,129.9,15
212,2024-07-24,15,125,37,3,2199.0,20
213,2023-10-22,9,143,21,3,399.0,5
214,2023-11-08,5,106,12,1,59.9,25
215,2023-12-27,7,135,16,2,1099.0,0
216,2023-09-04,12,108,31,3,1499.0,15
217,2024-08-12,12,109,29,4,2299.0,0
218,2024-03-12,2,122,6,4,159.9,5
219,2024-03-27,3,101,8,2,1654.55,0
220,2024-04-26,5,102,12,1,999.0,
221,2024-08-19,4,139,9,1,562.15,5
222,2024-01-24,13,146,34,2,89.9,15
223,2024-03-14,1,113,2,1,3499.0,0
224,2023-11-24,13,143,32,1,399.0,10
225,2024-06-13,7,115,16,2,2899.0,0
226,2024-07-30,6,130,15,2,699.0,5
227,2024-02-14,8,134,20,2,178.47,0
228,2024-07-22,4,138,10,1,2199.0,0
229,2023-11-21,15,103,37,3,2899.0,0
230,2024-05-05,4,105,9,1,5499.0,25
231,2023-12-21,5,140,11,4,249.0,0
232,2024-01-21,15,102,38,1,999.0,0
233,2023-12-14,6,138,13,1,2199.0,0
234,2023-10-13,8,124,20,1,115.93,5
235,2023-09-19,4,126,9,1,2999.0,5
236,2023-12-17,15,102,39,4,999.0,0
237,2023-11-18,5,142,12,1,449.0,0
238,2023-11-13,1,134,40,1,199.0,0
239,2024-02-13,2,126,5,1,2999.0,20
240,2024-04-29,11,122,27,3,159.9,0
241,2023-12-25,6,113,13,1,3499.0,15
242,2023-12-04,7,140,17,2,249.0,25
243,2024-07-27,10,132,25,2,899.0,30
244,2023-11-27,15,121,38,4,1499.0,0
245,2024-01-28,6,123,15,2,449.0,10
246,2024-05-03,2,137,5,1,1799.0,5
247,2023-12-08,14,111,36,1,149.9,5
248,2024-05-29,13,109,32,1,2299.0,5
249,2024-08-18,2,129,5,3,2899.0,0
250,2024-05-14,5,138,12,1,2199.0,10
251,2023-11-16,7,146,16,2,89.9,15
252,2024-03-18,4,144,10,1,299.0,15
253,2024-07-20,15,126,37,2,2999.0,10
254,2024-02-08,10,108,24,2,1499.0,20
255,2024-07-04,15,141,37,3,499.0,15
256,2023-11-05,14,107,35,4,299.0,20
257,2024-07-28,2,120,5,1,999.0,0
258,2023-11-27,15,142,39,4,449.0,0
259,2024-06-06,12,150,31,2,129.0,0
260,2024-07-08,15,140,37,2,249.0,0
261,2023-12-12,9,145,22,1,159.0,0
262,2023-12-29,13,135,99,1,1099.0,5
263,2023-11-09,9,124,21,1,129.9,0
264,2023-12-19,13,103,34,2,2899.0,0
265,2024-04-28,13,131,32,1,449.0,10
266,2023-10-22,7,144,17,2,299.0,25
267,2023-10-19,12,117,31,1,2299.0,0
268,2024-08-28,15,107,38,1,299.0,10
269,2023-10-14,4,132,9,1,899.0,5
270,2023-12-13,15,106,38,3,54.26,25
271,2024-03-13,10,143,26,1,399.0,15
272,2024-03-18,14,118,35,2,199.9,30
273,2023-10-05,12,121,31,2,1499.0,0
274,2024-07-21,2,150,6,2,129.0,5
275,2023-09-10,12,110,31,1,6999.0,5
276,2023-11-10,8,150,18,2,129.0,15
277,2024-06-12,12,132,30,1,899.0,0
278,2023-11-26,13,111,33,2,149.9,0
279,2023-11-10,12,120,29,1,999.0,5
280,2023-12-30,11,101,27,1,1633.88,5
281,2023-11-11,9,123,21,1,449.0,20
282,2023-12-17,14,143,36,3,373.76,10
283,2024-06-07,10,131,26,2,449.0,0
284,2024-05-05,7,134,16,2,199.0,15
285,2023-11-30,2,102,6,2,999.0,5
286,2024-06-24,9,144,22,2,299.0,10
287,2024-02-26,12,148,29,2,139.0,0
288,2024-05-26,11,102,27,1,999.0,0
289,2024-03-30,11,145,27,2,159.0,0
290,2024-07-13, 3 ,107,7,2,299.0,0
291,2023-10-21,1,126,40,1,2999.0,
292,2024-03-26,4,113,9,1,2979.24,15
293,2023-11-17,8,103,18,1,2899.0,10
294,2023-12-12,4,107,10,1,273.34,0
295,2024-05-21,8,102,18,2,999.0,5
296,2023-12-26,4,109,9,3,2299.0,5
297,2024-08-15,9,118,21,1,199.9,5
298,2024-08-19,11,149,28,1,229.0,20
299,2023-12-05,15,135,39,1,1099.0,0
300,2024-07-09,15,119,37,1,599.0,0
301,2024-08-09,2,143,4,4,399.0,10
302,2023-10-16,14,123,36,1,449.0,5
303,2023-11-02,12,140,29,1,249.0,0
304,2024-02-22,8,127,18,1,2599.0,0
305,2023-10-11,11,143,27,2,399.0,25
306,2023-12-01,2,133,6,1,1199.0,0
307,2023-09-02,11,111,27,1,149.9,30
308,2023-09-22,2,104,4,3,3299.0,15
309,2024-04-04,6,116,14,2,1799.0,0
310,2023-11-06,12,109,31,1,2299.0,20
311,2023-11-04,14,149,35,3,229.0,0
312,2024-08-31,2,110,6,1,6999.0,20
313,2024-08-28,2,131,5,2,414.17,10
314,2023-12-09,2,107,5,2,282.0,0
315,2023-10-08,5,125,12,3,2199.0,0
316,2024-06-25,7,144,16,1,274.66,0
317,2024-02-03,2,121,6,1,1499.0,25
318,2023-10-13,1,110,40,1,6494.03,0
319,2023-09-02,7,118,17,2,199.9,0
320,2024-07-08,3,122,8,2,159.9,0
321,2024-03-23,12,120,30,2,999.0,0
322,2023-11-15,6,117,13,1,2299.0,0
323,2024-04-28,3,106,8,5,59.9,0
324,2023-12-08,8,106,19,2,59.9,25
325,2023-10-04,2,148,6,1,139.0,0
326,2024-05-17,13,103,32,1,2899.0,0
327,2023-10-06,4,122,9,1,159.9,5
328,2024-05-04,1,110,1,1,6999.0,0
329,2024-03-29,5,149,11,1,229.0,0
330,2023-11-07,11,120,27,2,999.0,10
331,2023-11-13,4,138,10,3,2199.0,20
332,2024-07-31,5,141,12,1,499.0,5
333,2023-11-02,9,138,23,2,2199.0,0
334,2023-10-06,6,137,14,2,1799.0,5
335,2024-04-02,15,125,39,1,2199.0,20
336,2024-06-09,12,109,31,1,2299.0,20
337,2023-09-23,1,149,3,2,229.0,0
338,2023-09-24,13,126,34,3,2809.87,5
339,2024-05-08,2,123,5,1,449.0,10
340,2024-06-26,7,144,16,1,299.0,25
341,2024-06-24,99,126,8,3,2999.0,10
342,2023-09-05,2,147,5,3,199.0,5
343,2023-09-13,7,121,17,2,1499.0,0
344,2024-03-18,1,131,2,3,449.0,10
345,2024-02-04,7,101,17,4,1899.0,0
346,2023-12-29,2,109,6,1,2299.0,0
347,2024-02-10,3,117,7,2,2299.0,20
348,2024-05-25,15,108,38,1,1499.0,15
349,2024-03-02,9,113,22,2,3204.47,5
350,2023-12-17,7,143,16,1,399.0,25
351,2024-08-26,15,103,38,2,2899.0,10
352,2023-12-30,10,143,24,4,399.0,10
353,2024-03-17,2,118,4,1,170.68,0
354,2024-07-15,3,127,7,1,2599.0,0
355,2024-08-09,11,137,28,3,1799.0,20
356,2024-01-03,11,134,28,4,199.0,5
357,2024-07-04,12,145,29,1,159.0,0
358,2024-05-26,9,148,23,2,139.0,0
359,2024-06-10,15,134,39,2,199.0,0
360,2023-11-10,5,115,11,4,2899.0,15
361,2023-11-27,9,149,23,1,229.0,5
362,2023-11-22,6,143,15,2,399.0,15
363,2024-07-29,9,104,23,1,3299.0,25
364,2023-10-24,9,109,23,3,2299.0,30
365,2023-10-25,6,116,14,3,1799.0,5
366,2024-07-29,10,132,24,2,899.0,0
367,2024-06-26,11,132,28,3,899.0,5
368,2024-05-26,14,140,36,3,249.0,5
369,2023-09-05,6,120,13,1,999.0,25
370,2024-07-01,11,141,28,2,499.0,0
371,2023-12-31,10,147,25,3,179.05,10
372,2024-05-18,4,138,10,3,2199.0,5
373,2024-05-23,15,121,39,1,1499.0,0
374,2023-12-06,1,131,1,1,449.0,15
375,2024-07-14,10,108,24,4,1499.0,5
376,2024-05-08,13,130,34,1,699.0,5
377,2024-02-27,10,137,26,3,1799.0,5
378,2024-08-23,15,124,37,1,129.9,0
379,2023-11-15,10,131,26,1,449.0,0
380,2024-01-05,12,109,29,1,2299.0,5
381,2024-02-28,7,134,16,1,199.0,0
382,2023-09-06,4,135,9,2,1099.0,5
383,2024-05-02,9,113,22,3,3499.0,25
384,2023-10-03,12,129,29,3,2899.0,0
385,2023-10-15,8,105,20,1,5499.0,
386,2024-08-28,6,114,14,1,4899.0,5
387,2024-08-30,15,108,37,1,1499.0,25
388,2024-05-23,9,112,22,3,79.9,0
389,2024-06-14,13,145,32,1,159.0,15
390,2024-03-12,10,135,24,1,1099.0,0
391,2023-11-28,5,142,11,1,385.96,25
392,2024-03-17,6,132,14,1,803.86,0
393,2023-12-05,14,112,36,1,79.9,10
394,2023-12-11,4,101,9,2,1899.0,10
395,2023-11-03,2,135,4,1,1099.0,0
396,2023-09-04,6,108,14,1,1499.0,25
397,2024-08-09,13,106,33,2,59.9,0
398,2024-07-11,9,111,23,3,141.24,10
399,2023-11-17,14,134,35,1,199.0,0
400,2023-09-27,7,142,16,3,449.0,20
401,2023-11-18,12,142,30,1,449.0,0
402,2024-04-21,5,124,12,4,129.9,0
403,2023-09-20,10,119,25,1,599.0,25
404,2023-09-13,6,130,14,1,699.0,5
405,2024-02-04,15,139,37,3,599.0,25
406,2024-08-29,15,129,38,3,2638.41,5
407,2024-06-12,9,147,23,1,199.0,5
408,2024-04-22,2,143,4,2,399.0,0
409,2024-02-13,1,122,1,2,159.9,0
410,2024-05-20,3,144,7,2,299.0,5
411,2024-01-02,8,149,19,2,229.0,0
412,2024-01-30,2,145,6,1,159.0,15
413,2023-09-29,13,115,34,3,2899.0,0
414,2024-03-15,13,113,32,2,3499.0,0
415,2023-12-27,10,131,26,1,449.0,5
416,2024-05-18,8,140,20,1,249.0,0
417,2024-08-21,11,126,27,2,2611.31,0
418,2024-05-22,5,105,12,1,4829.78,5
419,2024-07-25,4,102,10,3,999.0,5
420,2024-03-30,8,141,18,1,499.0,25
421,2023-11-22,5,104,11,2,3299.0,15
422,2024-03-23,15,141,39,1,499.0,10
423,2024-08-08,9,140,22,1,249.0,5
424,2024-08-21,99,109,36,1,2299.0,10
425,2024-06-05,6,144,14,1,299.0,0
426,2023-12-17,11,137,27,1,1799.0,25
427,2024-06-10,1,132,1,1,899.0,25
428,2024-04-27,7,110,17,2,6999.0,20
429,2023-11-07,4,136,10,3,1399.0,15
430,2024-02-26,1,135,3,1,1099.0,10
431,2024-05-29,2,122,4,2,159.9,10
432,12-03-2023,5,135,12,2,1099.0,30
433,2024-07-23,13,104,33,1,3299.0,0
434,2023-12-07,7,131,16,2,449.0,10
435,2024-03-27,11,118,28,1,199.9,5
436,2024-07-20,10,113,24,3,3311.23,0
437,2023-10-02,3,101,8,3,1899.0,0
438,2024-02-03,15,128,37,1,1799.0,25
439,2024-04-11,1,109,2,2,2013.18,15
440,2024-03-10,15,137,37,5,1799.0,10
441,2023-09-22,5,133,12,1,1199.0,20
442,2024-06-03,8,148,18,1,129.26,25
443,2023-11-03,6,123,14,2,449.0,10
444,2024-07-23,6,140,14,2,249.0,
445,2024-06-04,3,110,7,1,6999.0,0
446,2024-03-01,5,119,11,1,599.0,0
447,2024-08-11,15,140,37,2,221.13,20
448,2023-10-26,4,131,9,3,449.0,25
449,2024-07-10,4,130,10,1,699.0,10
450,2023-10-04,9,136,22,2,1399.0,20
451,2024-07-02,6,102,15,2,999.0,0
452,2024-08-09,3,150,7,2,129.0,0
453,2023-12-22,2,120,5,2,999.0,0
454,2024-02-25,14,118,35,2,199.9,0
455,2023-12-20,14,142,36,1,449.0,0
456,2024-04-08,15,113,39,3,3499.0,0
457,2023-11-22,11,121,27,2,1499.0,15
458,2024-01-17,7,113,17,1,3499.0,25
459,2023-10-16,15,111,38,4,149.9,0
460,2023-10-13,10,119,26,4,599.0,0
461,2023-10-22,5,122,12,2,159.9,0
462,2023-11-03,15,142,37,2,449.0,0
463,2024-08-13,11,138,27,1,2199.0,0
464,2024-03-15,3,133,8,3,1199.0,5
465,2024-03-18,13,146,34,2,89.9,15
466,2024-07-28,13,105,34,1,5499.0,0
467,2024-01-25,1,112,40,2,79.9,0
468,2024-04-23,13,102,32,2,999.0,0
469,2023-12-01,1,147,3,4,199.0,10
470,2023-09-01,9,106,23,1,52.22,5
471,2024-04-06,7,101,17,1,1899.0,0
472,2023-09-24,1,114,3,2,4899.0,5
473,2024-02-05,12,117,31,1,2299.0,10
474,2023-11-21,15,131,38,1,385.65,0
475,2023-11-29,3,135,7,1,1099.0,15
476,2023-12-30,2,106,6,1,59.9,20
477,2024-05-01,14,117,36,2,2299.0,0
478,2024-02-25,13,142,33,3,449.0,0
479,2024-01-24,10,126,24,1,2999.0,5
480,2024-07-30,15,120,38,1,999.0,5
481,2024-02-16,5,122,11,1,151.62,0
482,2023-11-03,3,137,8,1,1799.0,5
483,2023-09-20,5,131,11,3,449.0,0
484,2024-04-23,5,149,12,3,229.0,10
485,2023-09-30,7,130,17,2,699.0,25
486,2024-04-17,13,108,33,1,1499.0,0
487,2023-10-15,4,122,9,1,159.9,10
488,2024-05-17,12,140,30,1,249.0,0
489,2024-08-03,6,117,13,1,2299.0,10
490,2024-08-06,11,129,28,4,2899.0,20
491,2024-08-09,15,138,38,5,2199.0,0
492,2023-10-16,6,116,14,1,1799.0,0
493,2023-10-11,14,132,35,2,899.0,10
494,2023-09-19,9,123,22,5,449.0,0
495,2023-12-25,15,149,38,2,213.02,10
496,2023-11-05,13,135,33,1,1099.0,0
497,2024-05-26,11,107,28,1,299.0,0
498,2024-02-04,12,143,29,1,399.0,10
499,2023-12-23,5,112,11,1,69.53,0
500,11-14-2023,12,101,29,1,1899.0,25
501,2024-05-06,14,108,36,2,1499.0,5
502,2024-06-12,7,107,17,1,299.0,15
503,2024-03-30,3,147,7,1,199.0,0
504,2024-04-26,10,113,24,1,3499.0,5
505,2024-05-26,14,133,35,1,1199.0,0
506,2024-03-01,13,110,32,3,6999.0,25
507,2023-11-29,11,147,27,3,199.0,10
508,2024-03-13,4,105,10,1,5499.0,10
509,2024-05-17,8,108,18,1,1499.0,5
510,2023-09-11,14,127,35,4,2599.0,0
511,2024-07-01,7,127,16,2,2599.0,0
512,2024-08-15,4,102,10,1,999.0,25
513,2023-12-15,1,120,1,1,999.0,0
514,2024-02-01,8,143,20,1,367.21,20
515,2023-12-07,9,128,22,1,1799.0,10
516,2024-08-11,12,117,31,1,2299.0,0
517,2024-05-03,5,131,12,3,449.0,20
518,2024-05-22,10,123,25,1,423.28,0
519,2024-03-16,13,138,34,1,2199.0,0
520,2024-07-27,6,101,15,1,1899.0,5
521,2023-11-10,10,107,26,1,299.0,0
522,2023-10-06,10,126,26,1,2999.0,10
523,2024-07-16,5,140,12,1,212.36,5
524,2024-01-12,1,119,40,3,599.0,10
525,2024-07-09,14,118,35,1,199.9,10
526,2024-07-09,10,113,26,1,3499.0,5
527,2024-05-30,6,149,,1,229.0,10
528,2024-07-24,13,111,32,1,149.9,5
529,2023-12-03,6,127,14,1,2599.0,5
530,2024-04-04,6,122,13,1,159.9,5
531,2023-11-20,12,110,29,2,6999.0,0
532,2023-09-17,2,145,5,3,159.0,0
533,2023-10-19,7,123,16,1,449.0,10
534,2024-06-07,14,137,36,4,1799.0,15
535,2024-07-04,3,134,8,1,199.0,0
536,2024-06-17,12,113,29,2,3499.0,0
537,2024-02-11,6,103,13,1,2899.0,0
538,2024-02-04,15,149,37,1,229.0,0
539,2023-12-14,1,150,3,4,129.0,5
540,2023-12-14,9,114,22,3,4899.0,0
541,2024-05-18,11,148,27,2,125.03,0
542,2024-07-01,10,133,24,2,1199.0,25
543,2024-05-26,11,143,28,1,399.0,25
544,2024-05-25,1,145,2,2,159.0,25
545,2024-03-08,14,144,35,5,299.0,5
546,2023-12-10,7,125,16,1,2199.0,0
547,2024-02-20,4,132,10,5,899.0,15
548,2024-04-12,3,139,7,2,599.0,10
549,2023-11-04,9,133,23,1,1199.0,5
550,2023-09-03,3,133,8,1,1032.3,10
551,2024-01-12,10,103,25,1,2899.0,10
552,2023-10-14,5,120,11,2,999.0,10
553,2023-12-05,9,119,23,3,599.0,0
554,2024-02-27,9,108,23,1,1499.0,10
555,2024-07-04,2,122,6,1,159.9,5
556,2024-02-19,13,131,32,2,449.0,10
557,2024-08-27,13,107,33,1,282.56,0
558,2023-11-19,12,136,29,4,1399.0,10
559,2024-04-23,9,140,22,1,249.0,15
560,2024-07-26,10,115,26,1,2899.0,25
561,2023-12-03,1,150,40,2,129.0,0
562,2024-01-12,9,146,21,1,89.9,5
563,2024-08-24,1,143,1,4,399.0,10
564,2024-02-13,5,121,11,2,1499.0,10
565,2023-10-08,10,131,26,1,386.3,20
566,2024-02-23,9,111,21,1,149.9,5
567,2023-11-19,3,121,7,3,1499.0,10
568,2024-04-16,15,135,39,1,955.05,15
569,2023-09-23,9,142,22,4,449.0,5
570,2024-02-14,7,124,16,1,129.9,0
571,2024-07-10,13,143,33,2,399.0,10
572,2024-06-10,7,121,16,4,1415.81,20
573,2023-11-20,15,123,38,1,449.0,5
574,2024-08-01,1,114,1,1,4899.0,0
575,2024-08-02,14,126,35,1,2999.0,10
576,2024-08-28,10,138,24,2,2199.0,5
577,2024-06-13,1,125,1,3,2199.0,0
578,2023-11-11,2,101,4,3,1899.0,0
579,2023-12-17,10,141,26,1,499.0,0
580,2024-01-29,6,125,15,1,2199.0,15
581,2023-10-16,1,119,40,3,599.0,25
582,2023-12-22,11,122,28,1,159.9,25
583,2023-09-19,2,148,6,4,139.0,0
584,2024-01-17,15,143,38,1,399.0,5
585,2024-05-31,8,109,19,2,2299.0,5
586,2024-06-30,15,136,37,1,1399.0,15
587,2023-11-29,9,119,23,1,599.0,20
588,2023-10-05,9,114,22,1,4899.0,0
589,2024-01-03,8,140,18,1,249.0,0
590,02-02-2024,3,113,7,1,3499.0,5
591,2024-04-02,11,111,27,1,138.08,
592,2023-11-07,4,106,9,1,59.9,10
593,2024-07-11,11,105,27,2,5499.0,15
594,2024-05-18,7,111,17,4,149.9,0
595,2023-12-17,1,103,2,4,2899.0,5
596,2024-03-10,2,116,4,1,1799.0,10
597,2023-10-01,5,103,12,1,2899.0,0
598,2024-04-14,13,132,32,2,899.0,20
599,2024-02-19,12,125,30,3,2199.0,10
600,2024-08-26,6,142,14,1,449.0,10
601,2024-04-05,8,133,19,2,1095.65,25
602,2023-10-23,15,133,38,3,1199.0,5
603,2024-02-20,8,149,18,5,229.0,10
604,2023-10-10,15,123,37,1,449.0,0
605,2024-08-26,15,108,39,2,1499.0,5
606,2024-06-13,4,111,10,3,149.9,15
607,2023-09-16,13,124,32,2,129.9,10
608,2024-07-14,7,104,17,1,3299.0,15
609,2024-04-15,2,141,4,1,499.0,0
610,2024-04-11,12,135,29,1,1099.0,0
611,2024-03-14,6,101,13,1,1899.0,0
612,2023-09-27,8,107,20,4,258.46,20
613,2023-10-27,14,121,35,1,1499.0,5
614,2023-11-22,8,132,18,1,899.0,0
615,2024-05-22,1,117,2,1,2299.0,20
616,2024-04-15,5,118,12,2,199.9,20
617,2023-12-11,14,117,36,3,2299.0,15
618,2024-05-25,6,104,13,2,3299.0,10
619,2024-07-08,9,120,22,3,999.0,10
620,2023-11-20,1,139,1,2,599.0,0
621,2023-09-10,9,146,22,2,89.9,25
622,2023-10-02,2,131,5,3,449.0,0
623,2024-03-29,11,149,27,2,229.0,10
624,2024-05-24,9,124,21,2,129.9,20
625,2024-07-08,9,112,21,3,79.9,0
626,2023-09-21,4,119,10,2,599.0,10
627,2023-09-19,12,131,30,2,449.0,5
628,2024-07-09,9,136,23,1,1399.0,5
629,2024-06-14,7,142,17,1,449.0,0
630,2023-09-09,3,143,8,1,399.0,25
631,2024-03-03,2,108,4,2,1499.0,0
632,2024-06-18,15,140,37,1,249.0,0
633,2024-06-26,9,124,21,3,129.9,5
634,2023-12-01,4,149,10,1,229.0,0
635,2024-05-02,12,144,29,1,299.0,5
636,2024-08-04,6,124,13,1,129.9,0
637,2023-12-13,10,146,24,1,89.9,10
638,2023-10-25,1,143,40,2,399.0,20
639,2024-07-15,10,114,26,2,4899.0,5
640,2023-12-16,8,126,20,2,2999.0,30
641,2024-02-20,8,120,18,1,850.96,20
642,2024-03-25,3,105,7,2,5499.0,0
643,2023-12-12,9,125,21,2,2199.0,5
644,2024-06-21,11,144,27,1,299.0,0
645,2024-04-24,14,115,36,2,2899.0,0
646,2023-10-10,7,106,17,1,59.9,0
647,2024-08-15,3,148,8,1,120.09,0
648,2023-12-09,3,102,7,2,999.0,25
649,2024-02-18,5,137,12,1,1642.56,10
650,2023-10-21,13,106,34,2,59.9,10
651,2024-04-20,12,133,31,1,1199.0,5
652,2024-01-07,4,141,10,5,499.0,0
653,2024-01-21,1,148,1,1,139.0,0
654,2024-08-14,8,123,20,-1,449.0,5
655,2024-06-08,6,138,15,2,2199.0,0
656,2024-02-15,14,117,36,1,2069.89,0
657,2024-07-01,7,132,17,1,899.0,0
658,2023-12-21,11,136,27,1,1399.0,10
659,2023-12-01,10,146,24,2,89.9,0
660,2024-06-07,11,138,27,2,2199.0,0
661,2024-07-28,7,127,17,2,2599.0,0
662,2024-05-03,6,124,13,2,129.9,0
663,2024-01-24,7,129,16,1,2899.0,10
664,2024-04-08,14,132,36,1,899.0,20
665,2023-09-23,7,149,16,1,229.0,0
666,2023-11-28,3,102,8,2,856.47,0
667,2024-07-24,14,146,36,1,89.9,20
668,2023-10-21,12,130,31,1,699.0,10
669,2024-07-21,13,132,33,1,899.0,30
670,2024-02-23,4,109,10,1,2299.0,5
671,2023-10-28,5,102,12,3,999.0,0
672,2024-01-31,10,126,24,2,2999.0,10
673,2024-03-07,12,102,30,2,999.0,0
674,2023-10-15,15,104,37,2,3299.0,0
675,2024-02-23,12,134,29,1,199.0,30
676,2023-12-20,3,125,8,1,2199.0,0
677,2023-10-14,13,124,34,1,129.9,15
678,2023-12-29,10,118,25,3,172.14,0
679,2023-12-05,3,106,8,3,59.9,200
680,2023-12-02,4,127,9,3,2599.0,0
681,2024-03-06,1,139,40,1,519.54,5
682,2023-09-13,6,143,13,2,399.0,0
683,2023-11-18,1,139,40,2,599.0,10
684,2024-04-30,2,145,6,1,159.0,10
685,2024-08-05,3,141,8,1,499.0,20
686,2023-09-11,4,144,9,2,299.0,5
687,2024-05-29,15,112,38,1,79.9,0
688,2023-10-22,3,131,8,4,398.87,5
689,2024-07-11,7,103,17,3,2899.0,5
690,2024-07-22,11,129,28,2,2899.0,25
691,2023-12-18,4,144,9,1,299.0,5
692,2024-05-18,8,143,20,1,399.0,20
693,2024-02-18,15,142,38,3,449.0,10
694,2023-09-01,8,138,19,3,2046.35,10
695,2023-10-30,7,129,17,1,2624.82,5
696,2024-06-29,6,115,13,2,2899.0,10
697,2024-08-02,13,129,32,2,2899.0,10
698,2023-10-14,14,105,36,1,5499.0,30
699,2024-07-02,4,137,10,1,1799.0,5
700,2024-03-12,1,130,40,1,699.0,10
701,2024-07-07,12,129,99,1,2899.0,10
702,2023-11-05,5,121,12,1,1499.0,5
703,2023-10-20,10,116,24,1,1799.0,0
704,2023-12-08,15,105,37,1,5499.0,0
705,2023-12-05,9,119,22,4,599.0,25
706,2024-04-27,2,113,4,1,3499.0,5
707,2024-01-28,11,116,27,1,1799.0,0
708,2023-11-11,2,111,6,1,149.9,10
709,2023-11-18,13,101,32,1,1899.0,0
710,2023-09-21,3,101,8,1,1899.0,0
711,2023-11-14,3,999,8,3,199.0,10
712,2023-09-18,7,132,16,2,899.0,5
713,2023-10-29,5,129,12,3,2899.0,0
714,2024-04-05,12,125,30,2,2199.0,20
715,2023-09-17,11,118,28,1,199.9,5
716,2024-08-15,14,141,35,1,463.64,10
717,2023-09-06,10,115,24,1,2899.0,0
718,2023-09-05,10,128,24,4,1799.0,10
719,2024-04-06,6,148,15,4,139.0,0
720,2024-05-29,2,138,4,2,2199.0,0
721,2024-03-19,9,120,22,2,999.0,0
722,2024-07-11,7,137,17,1,1799.0,0
723,2023-11-11,4,121,9,1,1499.0,0
724,2023-12-22,12,141,30,1,499.0,10
725,2023-11-30,14,109,35,1,2299.0,0
726,2024-05-20,8,116,19,1,1799.0,5
727,2024-03-20,5,106,11,1,59.9,0
728,2024-05-10,7,101,16,1,1899.0,20
729,2023-10-27,14,116,36,2,1799.0,0
730,2024-05-01,14,125,35,1,2199.0,5
731,2024-07-29,13,107,34,1,299.0,0
732,2023-12-08,7,132,16,5,899.0,5
733,2023-11-19,1,141,1,1,499.0,0
734,2024-04-15,12,130,29,1,699.0,5
735,2024-06-26,9,148,22,1,119.46,10
736,2024-05-07,5,145,11,5,159.0,0
737,2024-08-17,3,134,8,1,199.0,10
738,2023-12-22,15,146,38,1,89.9,0
739,2024-05-29,8,128,20,1,1543.21,15
740,2023-10-18,12,114,30,2,4899.0,5
741,2024-03-05,1,131,3,2,449.0,0
742,2024-05-05,12,148,31,1,139.0,5
743,2024-08-20,6,137,15,1,1799.0,10
744,2024-02-11,6,128,14,4,1799.0,15
745,2023-11-08,13,126,34,1,2999.0,15
746,2024-08-31,11,118,27,1,199.9,0
747,2023-11-27,13,145,33,2,141.22,5
748,2024-06-26,7,104,17,1,3299.0,5
749,2024-02-09,10,143,26,2,399.0,0
750,2023-11-18,6,111,14,2,149.9,0
751,2024-03-28,4,102,9,1,999.0,15
752,2024-05-02,2,110,6,2,6999.0,15
753,2024-07-03,15,146,38,3,89.9,0
754,2024-05-21,1,110,40,3,6999.0,0
755,2023-11-13,4,132,10,1,769.2,10
756,2023-09-20,2,116,4,2,1799.0,
757,2024-04-12,8,106,19,2,59.9,0
758,2023-11-05,6,116,15,1,1799.0,10
759,2023-12-12,11,105,27,3,5499.0,20
760,2023-11-04,4,119,9,1,599.0,0
761,2024-04-05,6,128,14,5,1799.0,20
762,2023-11-30,13,136,33,2,1283.12,0
763,2023-09-16,2,142,5,1,449.0,0
764,2024-08-24,3,117,8,4,2299.0,15
765,2024-07-03,15,116,38,1,1644.65,0
766,2024-04-28,14,119,36,3,599.0,5
767,2023-10-06,8,145,19,1,159.0,0
768,2024-04-05,12,106,29,1,59.9,0
769,2024-05-29,4,113,9,1,3499.0,15
770,2023-12-18,8,131,18,1,449.0,5
771,2023-11-29,9,106,22,1,59.9,10
772,2024-03-31,11,113,28,3,3499.0,25
773,2024-06-12,11,103,27,1,2899.0,20
774,2023-10-10,14,131,35,3,449.0,10
775,2023-12-19,7,134,16,-1,199.0,20
776,2024-08-21,6,145,13,2,159.0,20
777,2024-05-03,15,144,37,2,299.0,10
778,2024-07-31,8,107,19,2,299.0,0
779,2023-10-05,4,120,9,3,999.0,0
780,2023-10-04,2,137,6,1,1799.0,0
781,2023-10-08,12,143,31,3,399.0,5
782,2024-07-20,5,101,11,1,1899.0,0
783,2023-09-10,7,109,16,1,2299.0,15
784,2023-11-21,6,129,15,1,2899.0,0
785,2024-07-27,12,118,31,1,199.9,0
786,2024-02-20,13,105,33,1,5499.0,0
787,2023-09-08,15,149,37,1,229.0,0
788,2024-06-13,10,140,25,1,249.0,25
789,2023-11-27,3,134,7,3,199.0,5
790,2023-12-15,12,142,31,4,449.0,10
791,2023-09-11,13,145,32,1,142.63,0
792,2024-04-20,4,118,9,3,199.9,0
793,2023-11-19,4,123,9,2,449.0,15
794,2023-11-05,5,142,11,2,449.0,0
795,2024-04-17,11,133,27,4,1199.0,15
796,2024-08-24,4,108,9,3,1499.0,0
797,2024-06-21,12,109,30,1,2299.0,0
798,2023-10-13,12,123,31,5,449.0,30
799,2023-09-30,15,136,38,4,1399.0,0
800,2024-01-06,11,124,28,1,129.9,10
801,2024-02-01,10,107,26,1,278.11,5
802,2024-08-05,8,147,19,1,199.0,0
803,2023-12-17,12,134,29,1,199.0,15
804,2023-10-09,14,148,35,2,139.0,0
805,2024-01-13,5,129,12,3,2899.0,15
806,2023-09-18,10,140,26,1,232.84,0
807,2024-05-02,4,136,9,2,1226.81,25
808,2024-04-27,15,127,37,1,2599.0,0
809,2024-08-02,4,145,9,4,138.97,15
810,2024-06-11,2,121,4,2,1499.0,10
811,2024-07-20,8,111,18,1,149.9,5
812,2024-07-09,12,121,30,1,1499.0,15
813,2024-07-16,12,110,30,1,6999.0,5
814,2024-02-03,4,108,9,2,1499.0,25
815,2024-06-05,5,102,12,2,872.6,0
816,2024-01-04,3,149,8,1,229.0,0
817,2023-12-08,12,121,30,1,1499.0,5
818,2023-10-29,10,143,25,1,399.0,15
819,2024-01-19,6,121,15,3,1499.0,10
820,2024-05-19,7,113,17,1,3499.0,0
821,2023-12-21,14,118,36,2,199.9,10
822,2024-05-26,8,108,20,1,1499.0,0
823,2024-03-24,12,114,30,1,4899.0,0
824,2024-01-01,15,123,38,2,449.0,10
825,2023-12-01,1,142,3,1,449.0,10
826,2024-05-20,11,119,28,2,539.29,10
827,2024-07-20,15,134,38,3,199.0,0
828,2024-03-24,4,126,9,1,2999.0,20
829,2024-03-07,6,999,14,1,2899.0,10
830,2024-06-23,10,126,26,1,2999.0,20
831,2024-06-17,12,109,29,2,2299.0,0
832,2024-07-02,7,146,17,1,89.9,0
833,2024-07-22,11,107,27,1,299.0,0
834,2024-05-25,1,132,2,1,818.43,0
835,2024-04-22,4,142,10,1,449.0,20
836,2023-12-27,11,128,27,1,1799.0,5
837,2024-06-10,12,114,30,2,4899.0,10
838,2024-07-21,14,108,36,1,1499.0,15
839,2024-07-04,1,117,3,2,2299.0,30
840,2023-10-15,8,130,20,2,699.0,15
841,2024-03-05,13,121,34,4,1499.0,25
842,2024-07-21,12,128,30,1,1799.0,15
843,2023-12-03,5,139,12,1,553.69,0
844,2023-12-20,14,143,35,1,399.0,15
845,2023-09-27,7,121,17,3,1284.41,10
846,2024-08-12,3,149,7,1,229.0,0
847,2024-04-30,2,110,4,3,6474.87,5
848,2024-03-04,2,116,6,2,1799.0,5
849,2023-10-27,13,132,34,2,899.0,0
850,2023-12-23,15,131,37,2,449.0,10
851,2024-07-15,13,127,33,4,2599.0,0
852,2024-06-29,7,114,16,3,4899.0,0
853,2024-07-27,5,137,11,1,1799.0,150
854,2023-10-10,11,131,99,2,449.0,15
855,2024-08-06,7,137,16,1,1799.0,5
856,2024-02-09,8,109,19,5,2299.0,0
857,2024-07-22,11,117,28,1,2299.0,15
858,2024-02-18,8,132,19,1,899.0,0
859,2024-04-25,4,135,9,1,1099.0,10
860,2024-07-05,3,134,8,1,199.0,5
861,2024-04-03,10,114,24,1,4899.0,15
862,2024-03-26,1,141,1,1,499.0,0
863,2024-03-12,3,120,8,2,999.0,0
864,2024-03-23,4,112,10,1,79.9,0
865,2024-06-12,10,114,26,1,4899.0,0
866,2024-08-01,7,113,17,4,3262.96,20
867,2024-06-03,7,147,16,3,199.0,25
868,2024-04-01,8,126,19,4,2999.0,0
869,2023-09-05,9,149,21,2,229.0,10
870,2024-06-08,9,116,23,1,1799.0,15
871,2024-06-09,15,133,37,1,1090.26,10
872,2024-03-01,2,124,5,5,129.9,5
873,2024-04-18,14,129,35,1,2899.0,0
874,2023-12-01,7,124,16,2,129.9,20
875,2024-08-14,10,117,26,3,2299.0,10
876,2024-05-26,8,147,19,1,199.0,0
877,2024-05-14,12,132,30,3,899.0,10
878,2023-11-16,7,135,17,2,1099.0,0
879,2023-12-29,1,143,3,3,399.0,0
880,2024-05-23,9,129,23,1,2899.0,10
881,2023-12-01,3,137,7,2,1799.0,0
882,2024-08-02,1,131,40,1,449.0,15
883,2024-01-06,12,129,31,2,2899.0,10
884,2024-05-01,1,126,40,2,2999.0,5
885,2024-08-11,8,143,18,3,399.0,20
886,2023-11-28,14,144,36,3,299.0,15
887,2023-09-24,1,113,3,2,3499.0,5
888,2024-01-01,11,106,28,2,59.9,0
889,2024-08-12,14,140,35,1,249.0,20
890,2023-09-27,3,105,8,3,5499.0,10
891,2024-04-28,15,103,39,1,2899.0,0
892,2023-12-19,8,145,19,3,159.0,5
893,2023-10-28,4,145,9,1,159.0,0
894,2024-06-13,8,147,18,1,199.0,0
895,2024-07-23,2,122,5,2,159.9,15
896,2023-12-17,10,135,26,3,1099.0,0
897,2023-10-02,14,149,35,2,229.0,0
898,2023-12-05,12,115,31,1,2533.51,0
899,2023-11-30,5,132,11,1,899.0,15
900,2024-06-29,13,128,33,2,1799.0,0
901,2024-06-16,2,128,6,1,1799.0,0
902,2024-06-19,14,128,36,1,1799.0,10
903,2023-10-10,4,120,10,4,999.0,10
904,2023-12-16,8,131,18,1,449.0,0
905,2024-07-09,8,120,19,1,999.0,0
906,2023-11-06,1,108,2,1,1417.76,0
907,2024-03-02,8,106,20,2,59.9,0
908,2024-01-27,3,120,8,1,999.0,10
909,2024-01-03,6,104,14,3,2843.14,15
910,2023-12-14,7,149,17,3,229.0,0
911,2024-08-09,8,138,20,1,2199.0,25
912,2024-03-24,12,144,31,1,299.0,0
913,2023-12-22,12,141,31,5,499.0,10
914,2024-06-24,9,150,22,1,129.0,0
915,2024-03-09,6,128,14,1,1799.0,5
916,2023-12-01,15,112,39,4,79.9,5
917,2024-03-23,2,119,6,3,599.0,10
918,2024-05-09,3,124,8,1,129.9,30
919,2024-08-15,12,113,29,2,3097.63,5
920,2023-09-20,10,115,26,1,2899.0,0
921,2024-06-06,1,121,3,1,1499.0,10
922,2024-07-05,2,148,4,2,139.0,20
923,2024-05-12,11,139,27,1,599.0,0
924,2024-01-13,15,105,37,3,5499.0,0
925,2023-12-15,10,125,24,3,2199.0,0
926,2024-08-18,8,130,20,4,699.0,10
927,2023-09-09,1,130,1,1,699.0,0
928,2024-06-11,11,108,28,3,1499.0,0
929,2024-04-12,8,109,20,1,2299.0,20
930,2023-12-31,1,103,40,1,2899.0,20
931,2024-04-10,4,148,9,1,139.0,0
932,2024-03-22,5,113,11,5,3499.0,15
933,2023-10-02,1,126,3,1,2999.0,15
934,2023-11-11,9,104,23,1,3299.0,0
935,2024-06-22,13,140,33,2,249.0,10
936,2024-04-18,15,112,39,3,79.9,5
937,2024-03-04,2,118,4,1,199.9,0
938,2024-08-08,12,110,29,1,6385.35,0
939,2023-12-05,8,150,18,3,129.0,5
940,2023-09-04,13,144,33,2,299.0,5
941,2024-06-13,7,126,17,1,2999.0,0
942,2023-10-23,9,129,21,2,2899.0,5
943,2023-11-20,7,131,17,1,449.0,10
944,2023-11-05,4,148,10,3,139.0,5
945,2024-01-14,9,142,99,1,449.0,10
946,2024-07-06,13,141,32,1,499.0,0
947,2024-06-22,7,131,17,1,449.0,0
948,2023-11-18,8,105,19,5,5499.0,20
949,2024-01-05,3,107,8,3,268.71,0
950,2024-03-13,8,139,20,1,599.0,25
951,2024-03-31,3,136,7,1,1399.0,5
952,2023-10-29,10,125,26,3,2199.0,15
953,2023-09-10,8,117,18,1,2299.0,0
954,2024-06-10,3,102,7,4,999.0,15
955,2023-12-29,14,128,36,1,1799.0,0
956,2024-02-14,13,131,33,1,449.0,20
957,2023-11-30,8,122,20,2,159.9,0
958,2024-08-04,15,148,37,2,139.0,0
959,2024-05-03,3,150,8,2,129.0,15
960,2023-12-01,5,148,12,2,139.0,0
961,2024-03-18,4,131,9,2,449.0,15
962,2023-11-16,15,105,37,1,5499.0,0
963,2023-12-07,3,130,7,2,699.0,10
964,2024-05-22,11,110,28,2,6999.0,0
965,2024-06-28,15,128,37,3,1799.0,30
966,2024-06-08,12,123,30,4,449.0,10
967,2024-02-16,6,138,15,1,2199.0,10
968,2023-12-26,2,129,4,1,2899.0,5
969,2024-07-10,5,139,11,1,599.0,5
970,2024-07-19,5,129,12,2,2899.0,25
971,2023-10-18,12,108,29,1,1499.0,0
972,2024-06-24,10,102,24,3,999.0,0
973,2023-11-10,5,137,12,2,1799.0,0
974,2024-01-21,8,139,20,3,599.0,10
975,2023-12-08,13,119,33,1,599.0,15
976,2024-06-21,3,137,8,1,1799.0,0
977,2024-03-07,14,140,36,3,249.0,30
978,2024-02-08,7,139,17,1,599.0,0
979,2024-01-21,13,108,32,1,1499.0,5
980,2023-11-15,15,128,37,1,1799.0,25
981,2023-12-26,2,126,6,3,2999.0,10
982,2024-05-25,3,115,7,1,2899.0,30
983,2024-04-05,11,135,27,1,1099.0,25
984,2024-08-22,9,125,21,3,2199.0,
985,2024-08-12,12,106,30,1,59.9,5
986,2024-04-20,14,128,35,1,1799.0,0
987,2024-08-26,7,134,17,1,199.0,5
988,2023-10-24,7,129,17,1,2899.0,10
989,2024-01-06,11,131,28,1,449.0,0
990,2023-10-21,6,119,14,5,599.0,5
991,2024-06-23,13,109,32,2,2299.0,
992,2023-10-22,11,126,28,2,2749.86,0
993,2023-10-26,1,136,40,4,1399.0,0
994,2024-06-05,6,103,15,2,2671.3,0
995,2023-12-17,4,125,9,4,2199.0,5
996,2023-10-11,5,128,11,2,1799.0,5
997,2024-01-27,7,117,17,2,2299.0,10
998,2024-02-13,13,142,32,1,449.0,5
999,2023-09-09,14,135,36,2,1099.0,10
1000,05/05/2024,13,124,33,5,129.9,0
1001,2024-07-10,14,124,36,2,129.9,0
1002,2023-09-05,3,109,8,4,2299.0,5
1003,2023-11-05,11,127,28,1,2599.0,20
1004,2023-11-02,13,144,34,2,299.0,30
1005,2023-11-09,1,136,40,1,1399.0,20
1006,2024-01-13,15,112,38,4,69.23,0
1007,2024-02-21,4,124,9,2,129.9,15
1008,2023-10-26,9,147,21,1,199.0,10
1009,2024-01-22,3,123,8,1,449.0,5
1010,2024-05-15,9,150,22,1,113.5,30
1011,2023-12-07,13,124,33,3,129.9,0
1012,2023-11-20,10,134,25,1,199.0,0
1013,2024-07-01,8,142,18,2,407.7,5
1014,2024-03-07,1,108,40,1,1499.0,0
1015,2023-12-05,13,134,33,1,199.0,5
1016,2024-08-23,15,117,37,2,2299.0,0
1017,2023-09-30,14,136,36,1,1399.0,0
1018,2023-09-26,14,113,35,2,3499.0,15
1019,2024-08-29,11,110,27,1,6999.0,0
1020,2023-12-05,14,118,35,2,199.9,20
1021,2023-12-19,15,116,39,2,1799.0,0
1022,2023-12-29,4,137,10,1,1799.0,15
1023,2024-05-03,2,118,6,1,173.5,15
1024,2024-06-30,7,114,16,5,4899.0,
1025,2024-02-24,12,143,31,5,399.0,20
1026,2024-01-04,2,107,4,1,299.0,0
1027,2024-07-13,4,143,9,1,399.0,30
1028,2023-10-18,10,120,26,3,999.0,5
1029,2024-01-06,3,111,7,1,149.9,20
1030,2024-06-16,14,101,36,2,1899.0,15
1031,2023-11-17,13,107,32,2,299.0,0
1032,2023-10-07,11,120,28,2,999.0,0
1033,2023-12-04,13,136,34,2,1399.0,0
1034,2023-11-20,13,103,33,3,2899.0,5
1035,2024-03-03,4,116,9,1,1799.0,0
1036,2023-10-15,11,120,28,1,999.0,5
1037,2023-09-10,5,108,11,2,1499.0,0
1038,2023-09-19,8,118,19,1,199.9,0
1039,2023-12-02,10,138,24,1,2199.0,0
1040,2023-12-16,6,110,15,3,6999.0,0
1041,2023-10-03,3,118,8,1,199.9,0
1042,2023-12-25,11,104,27,1,2933.44,10
1043,2024-04-19,7,148,17,4,139.0,0
1044,2023-09-28,7,131,16,1,449.0,5
1045,2023-09-27,4,130,10,1,699.0,20
1046,2024-01-02,3,103,7,1,2899.0,0
1047,2023-11-22,8,132,18,3,899.0,0
1048,2024-03-16,14,116,36,1,1799.0,0
1049,2023-09-11,15,127,39,3,2599.0,0
1050,2024-07-04,11,115,27,3,2899.0,0
1051,2024-06-21,12,118,29,2,199.9,0
1052,2024-02-03,7,124,16,1,129.9,15
1053,2024-07-16,5,131,12,3,449.0,0
1054,2024-04-21,7,127,17,2,2599.0,0
1055,2024-04-28,3,144,8,1,299.0,0
1056,2023-11-14,10,126,26,1,2999.0,20
1057,2024-07-26,15,133,39,1,1199.0,15
1058,2024-02-07,8,148,18,1,139.0,15
1059,2024-05-28,4,107,9,1,299.0,0
1060,2023-09-27,9,127,23,2,2599.0,0
1061,2024-05-29, 6 ,123,15,3,449.0,15
1062,2024-06-16,9,147,23,3,178.97,5
1063,2024-08-19,3,129,8,2,2899.0,15
1064,2024-05-22,6,126,15,1,2999.0,0
1065,2024-01-09,10,115,26,4,2899.0,20
1066,2023-09-30,14,130,36,2,699.0,0
1067,2024-02-23,11,143,27,1,399.0,5
1068,2023-10-13,6,129,13,2,2899.0,0
1069,2023-10-29,8,115,19,2,2899.0,0
1070,2024-06-16,12,136,30,1,1399.0,5
1071,2023-12-14,7,133,17,2,1199.0,5
1072,2024-01-30,11,122,27,2,159.9,5
1073,2023-10-23,8,137,18,2,1799.0,0
1074,2024-04-26,6,110,14,1,6999.0,0
1075,2024-07-17,12,103,31,4,2899.0,0
1076,2024-07-15,5,147,12,1,199.0,0
1077,2023-11-10,10,104,25,2,3299.0,0
1078,2024-06-29,11,103,28,4,2899.0,0
1079,2024-07-15,1,109,2,1,2299.0,0
1080,2023-11-27,14,144,35,2,299.0,0
1081,2024-07-04,9,121,23,1,1499.0,5
1082,2024-07-19,7,142,16,4,449.0,0
1083,2023-09-25,7,122,17,3,159.9,0
1084,2023-12-30,15,105,39,1,5499.0,15
1085,2023-09-17,5,107,11,4,299.0,20
1086,2024-07-12,4,121,10,1,1499.0,5
1087,2024-06-07,15,124,39,1,129.9,15
1088,2024-04-01,6,145,13,2,159.0,10
1089,2024-08-03,7,125,16,4,2199.0,0
1090,2024-01-03,12,138,29,4,1900.29,10
1091,2023-09-17,6,141,14,2,499.0,10
1092,2023-10-12,9,131,22,1,449.0,0
1093,2024-05-21,4,148,9,1,139.0,10
1094,2023-12-25,10,136,26,1,1399.0,5
1095,2023-10-06,3,116,7,1,1799.0,10
1096,2024-08-23,3,122,7,1,159.9,10
1097,2023-11-05,6,106,14,3,59.9,15
1098,2023-09-18,6,116,13,1,1799.0,15
1099,2024-07-12,13,121,34,1,1499.0,15
1100,2023-10-07,8,129,18,1,2899.0,0
1101,2023-10-01,3,127,7,3,2599.0,25
1102,2024-08-16,12,131,31,1,449.0,25
1103,2024-05-09,4,136,10,1,1399.0,15
1104,2023-12-03,9,108,23,1,1499.0,10
1105,2023-11-17,5,124,12,2,129.9,0
1106,2024-03-25,4,146,9,3,89.9,5
1107,2024-01-22,4,133,9,1,1199.0,0
1108,2024-02-18,12,140,31,4,249.0,0
1109,2023-11-01,11,132,27,2,899.0,10
1110,2024-06-14,1,101,2,1,1899.0,0
1111,2023-11-21,2,132,4,2,899.0,15
1112,2023-11-15,15,127,38,3,2599.0,0
1113,2023-12-17,4,133,10,3,1199.0,20
1114,2024-08-25,6,150,14,1,129.0,20
1115,2024-08-18,9,107,22,3,299.0,
1116,2024-06-07,4,137,9,4,1799.0,20
1117,2023-11-02,11,106,27,3,59.9,0
1118,2024-01-17,5,132,12,1,899.0,0
1119,2024-01-17,12,127,29,3,2599.0,0
1120,2024-04-15,9,146,21,2,89.9,5
1121,2024-06-21,9,137,21,5,1799.0,10
1122,2024-08-30,2,102,4,1,999.0,0
1123,2024-01-04,7,121,16,5,1499.0,0
1124,2023-11-12,4,112,10,1,79.9,0
1125,2023-10-19,9,118,23,2,199.9,10
1126,2024-01-26,15,108,38,-1,1499.0,5
1127,2024-05-20,10,145,26,1,159.0,0
1128,2024-02-14,6,130,15,1,699.0,0
1129,2023-12-11,15,104,39,1,3299.0,10
1130,2023-10-16,7,133,17,4,1199.0,0
1131,2024-07-20,15,147,39,2,184.18,0
1132,2023-10-31,6,112,14,4,79.9,10
1133,2024-08-07,6,140,15,2,249.0,0
1134,2024-07-23,12,126,30,3,2999.0,5
1135,2024-02-13,12,147,31,1,199.0,15
1136,2024-03-14,3,122,7,1,149.39,20
1137,2024-06-19,4,125,10,1,2199.0,0
1138,2024-01-10,7,134,17,1,199.0,15
1139,2024-08-21,13,117,32,1,2299.0,5
1140,2023-12-03,7,109,17,1,2299.0,20
1141,2023-10-21,3,133,8,1,1199.0,0
1142,2024-04-12,7,105,17,1,5499.0,0
1143,2023-12-03,13,146,33,2,89.9,10
1144,2023-12-23,5,146,12,2,89.9,0
1145,2024-03-24,6,143,15,1,399.0,0
1146,2024-04-25,3,127,8,1,2421.21,15
1147,2024-07-29,15,150,37,2,129.0,5
1148,2023-12-14,7,137,16,2,1799.0,15
1149,2023-11-18,5,114,12,1,4899.0,10
1150,2023-12-01,15,139,37,2,599.0,0
1151,2023-10-29,7,115,16,1,2899.0,25
1152,2024-08-05,8,127,20,3,2599.0,30
1153,2024-06-02,9,114,22,2,4899.0,20
1154,2024-07-06,4,107,9,2,299.0,0
1155,2023-11-04,1,123,1,1,449.0,0
1156,2024-02-25,9,140,23,2,249.0,20
1157,2024-04-17,6,108,14,4,1499.0,5
1158,2023-12-20,11,112,27,3,79.9,0
1159,2023-11-17,1,116,1,1,1799.0,10
1160,2024-03-11,2,140,5,1,249.0,10
1161,2023-10-27,10,141,26,4,499.0,10
1162,2024-02-02,11,111,28,2,149.9,0
1163,2024-02-10,3,106,8,2,59.9,0
1164,2023-10-23,1,128,3,2,1799.0,0
1165,2023-09-15,8,101,19,1,1899.0,20
1166,2023-11-05,2,126,6,2,2999.0,20
1167,2023-10-17,9,126,23,1,2763.16,15
1168,2023-10-22,13,119,34,2,599.0,10
1169,2024-03-16,3,124,8,2,129.9,0
1170,2024-06-23,2,120,4,3,999.0,0
1171,2023-09-08,14,134,35,1,199.0,20
1172,2024-01-23,7,119,17,1,559.53,5
1173,2024-06-16,3,114,8,2,4361.68,15
1174,2023-09-10,1,122,2,2,159.9,10
1175,2024-05-28,6,138,15,3,1875.64,10
1176,2024-01-18,3,132,7,1,899.0,5
1177,2024-06-12,7,141,16,2,499.0,10
1178,2024-02-09,7,146,17,2,89.9,0
1179,2023-11-28,15,148,38,2,139.0,10
1180,2024-08-17,3,124,8,1,129.9,5
1181,2024-06-18,14,128,36,1,1799.0,25
1182,2023-11-14,2,146,6,2,89.9,5
1183,2024-01-25,3,102,7,2,999.0,
1184,2023-09-29,5,121,12,1,1499.0,5
1185,2023-12-29,3,134,8,1,199.0,5
1186,2023-09-30,14,141,36,1,499.0,0
1187,2024-06-19,8,123,19,3,449.0,0
1188,2023-11-24,5,140,11,1,249.0,0
1189,2024-04-06,13,145,33,3,159.0,15
1190,2023-11-02,13,122,33,1,139.46,10
1191,2023-12-26,10,144,25,4,299.0,10
1192,2024-08-30,1,146,3,2,89.9,5
1193,2023-10-20,4,104,9,1,3299.0,0
1194,2024-07-20,4,118,9,4,199.9,0
1195,2023-11-14,12,105,29,1,5499.0,10
1196,2023-12-24,5,150,12,1,129.0,15
1197,2023-09-15,7,122,17,1,159.9,5
1198,2024-02-09,8,116,,2,1799.0,0
1199,2024-04-27,7,144,16,1,299.0,0
1200,2024-04-25,5,109,12,3,2179.46,30
1201,2024-03-27,3,101,8,2,1654.55,0
1202,2023-10-08,11,142,28,1,412.11,0
1203,2024-07-09,1,107,1,2,299.0,0
1204,2024-07-19,9,139,21,2,599.0,0
1205,2023-10-02,1,122,2,5,159.9,0
1206,2023-10-30,3,118,8,1,199.9,0
1207,2023-12-18,3,150,7,1,129.0,15
1208,2024-02-02,4,110,10,3,6999.0,20
1209,2024-08-12,8,141,19,3,499.0,0
1210,2023-10-09,9,125,23,3,2199.0,10
1211,2023-12-10, 13 ,140,34,2,249.0,10
1212,2024-06-04,2,116,6,1,1799.0,0
1213,2023-09-05,13,134,32,2,199.0,0
1214,2023-11-10,3,101,8,1,1899.0,10
1215,2024-08-30,5,128,12,1,1687.06,10
1216,2024-07-25,10,113,25,1,3499.0,0
1217,2024-03-04,8,106,20,2,59.9,0
1218,2024-03-21,8,148,18,1,139.0,0
1219,2024-08-18,3,124,7,1,129.9,0
1220,2023-11-02,7,141,16,1,499.0,0
1221,2024-07-11,4,149,9,3,229.0,0
1222,2023-12-16,12,145,31,1,159.0,10
1223,2024-04-30,8,148,18,2,139.0,0
1224,2024-06-20,14,135,36,5,1099.0,10
1225,2024-07-07,8,101,19,3,1899.0,5
1226,2024-04-22,6,148,14,2,139.0,10
1227,2023-12-11,3,104,8,3,2959.25,0
1228,2023-12-22,10,140,25,4,249.0,5
1229,2023-10-29,7,150,17,1,129.0,30
1230,2024-08-08,8,107,18,1,299.0,0
1231,2024-03-06,12,129,30,1,2899.0,0
1232,2024-08-22,4,121,10,1,1499.0,5
1233,2024-03-28,15,137,37,1,1587.5,10
1234,2024-02-17,8,130,20,1,699.0,10
1235,2023-10-05,13,140,34,2,249.0,10
1236,2024-04-30,7,124,16,2,129.9,0
1237,2024-05-08,12,126,29,4,2999.0,5
1238,2024-01-20,12,136,31,3,1399.0,5
1239,2024-07-18,14,137,36,1,1799.0,10
1240,2023-11-04,8,137,20,3,1799.0,5
1241,2023-12-27,3,101,7,2,1899.0,20
1242,2024-03-28,9,141,23,1,499.0,30
1243,2024-01-10,7,103,16,5,2899.0,5
1244,2023-11-07,13,149,32,2,229.0,0
1245,2024-06-29,8,139,20,1,599.0,0
1246,2024-05-20,8,148,19,3,139.0,0
1247,2023-11-26,9,135,23,2,1099.0,15
1248,2023-09-15,14,127,35,1,2599.0,5
1249,2024-03-06,8,139,19,1,599.0,10
1250,2023-11-08,2,134,4,5,199.0,0
1251,2023-10-27,15,135,39,4,1099.0,15
1252,2023-12-23,1,134,3,2,199.0,5
1253,12-04-2023,2,105,5,1,4694.91,0
1254,2024-04-11,99,101,27,1,1899.0,5
1255,2023-11-30,4,107,10,2,299.0,0
1256,2024-01-21,4,120,9,1,999.0,5
1257,2024-01-21,4,107,9,3,299.0,0
1258,2024-02-06,13,109,34,2,2299.0,0
1259,2023-12-09,12,148,29,1,139.0,0
1260,2023-10-28,6,118,14,1,199.9,5
1261,2024-07-22,9,143,22,1,399.0,15
1262,2024-02-18,6,129,13,2,2899.0,10
1263,2023-11-09,2,117,6,5,2299.0,5
1264,2023-12-13,7,124,16,3,129.9,0
1265,2024-05-06,3,130,8,1,699.0,0
1266,2023-10-06,2,101,5,2,1899.0,0
1267,2023-10-26,6,142,15,1,449.0,10
1268,2023-10-27,4,148,9,1,139.0,5
1269,2024-05-29,3,119,7,2,599.0,5
1270,2024-08-08,13,136,32,4,1399.0,5
1271,2023-11-27,11,124,27,3,129.9,0
1272,2024-01-22,4,146,9,4,89.9,15
1273,2023-12-12,12,130,30,3,699.0,20
1274,2024-08-29,8,118,20,2,199.9,5
1275,2023-11-23,7,127,16,2,2232.77,10
1276,2024-08-24,12,110,29,1,6999.0,0
1277,2024-06-07,8,147,19,1,199.0,5
1278,2024-03-02,10,141,26,1,499.0,10
1279,2024-05-20,1,143,40,1,378.03,20
1280,2024-06-02,6,123,15,2,449.0,0
1281,2024-04-02,14,128,36,2,1799.0,5
1282,2024-01-07,7,111,17,1,149.9,0
1283,2024-03-09,6,134,13,3,199.0,0
1284,2024-02-12,7,108,17,1,1499.0,10
1285,2024-01-18,5,141,12,1,499.0,0
1286,2023-11-08,15,116,38,1,1799.0,10
1287,2024-03-05,12,136,30,3,1399.0,5
1288,2023-11-15,5,143,12,1,345.97,0
1289,2023-11-07,10,101,26,2,1899.0,10
1290,2024-04-18,6,101,13,1,1899.0,5
1291,2024-01-22,10,123,25,1,449.0,10
1292,2024-05-16,7,115,16,1,2899.0,15
1293,2023-09-08,9,143,23,1,399.0,0
1294,2024-05-01,5,107,11,1,299.0,15
1295,2023-11-20,3,105,7,1,5499.0,10
1296,2024-07-01,10,118,25,3,199.9,10
1297,2024-07-23,99,144,36,1,299.0,0
1298,2023-10-03,9,139,22,1,599.0,20
1299,2024-08-25,9,111,22,2,149.9,5
1300,2024-04-22,3,141,7,1,499.0,20
1301,2023-12-02,11,133,28,1,1199.0,20
1302,2023-11-12,15,134,37,2,199.0,15
1303,2023-10-06,7,148,16,1,139.0,0
1304,2023-10-14,8,134,19,3,199.0,0
1305,2024-03-21,6,127,14,1,2599.0,5
1306,2024-06-20,12,118,29,1,182.08,10
1307,2023-11-02,8,123,19,1,449.0,5
1308,2023-12-05,10,101,25,1,1899.0,5
1309,2023-12-26,14,145,36,3,159.0,15
1310,2024-05-05,2,118,5,1,199.9,5
1311,2024-04-14,5,101,11,1,1899.0,0
1312,2024-08-01,9,112,23,1,68.14,25
1313,2024-07-02,8,146,18,1,89.9,20
1314,2023-11-02,9,111,22,2,149.9,0
1315,2023-12-25,15,122,39,1,159.9,5
1316,2024-05-30,15,149,39,4,205.95,15
1317,2024-07-25,13,117,33,1,2299.0,25
1318,2023-12-07,1,149,1,3,229.0,0
1319,2024-03-27,15,107,39,1,299.0,5
1320,2023-11-14,5,147,12,1,199.0,25
1321,2023-09-18,5,136,11,2,1399.0,0
1322,2024-05-11,11,138,27,1,2199.0,0
1323,2023-11-03,2,112,5,2,79.9,5
1324,2024-06-04,5,150,12,1,129.0,0
1325,2023-11-19,1,138,2,1,2199.0,10
1326,2023-11-28,13,135,34,1,1007.82,15
1327,08-25-2024,11,135,28,1,1099.0,10
1328,2024-02-01,7,143,17,1,399.0,10
1329,2024-06-15,4,125,9,5,2199.0,25
1330,2024-01-07,12,137,29,1,1799.0,5
1331,2024-04-11,10,131,25,2,408.27,0
1332,2024-03-08,10,112,24,2,79.9,0
1333,2023-12-13,12,115,31,1,2899.0,10
1334,2024-07-30,2,143,6,1,399.0,0
1335,2024-07-17,15,118,37,1,199.9,0
1336,2024-08-02,5,127,11,1,2599.0,0
1337,2023-10-13,15,136,37,1,1399.0,5
1338,2024-05-05,7,131,17,2,449.0,25
1339,2024-03-08,15,137,37,3,1799.0,0
1340,2024-08-24,2,106,6,1,59.9,5
1341,2024-05-01,1,116,3,1,1799.0,0
1342,2023-11-16,13,127,32,1,2599.0,5
1343,2024-01-06,9,107,23,1,299.0,5
1344,2023-12-20,2,134,6,1,199.0,5
1345,2023-09-20,12,109,31,3,2299.0,20
1346,2024-06-23,1,143,2,1,399.0,0
1347,2024-08-02,15,113,37,2,3499.0,0
1348,2024-04-18,11,117,27,1,2299.0,0
1349,2023-12-15,15,128,38,4,1799.0,15
1350,2024-04-30,14,150,35,1,129.0,20
1351,2024-06-02,13,135,34,1,1099.0,20
1352,2024-04-01,13,149,34,1,229.0,10
1353,2024-07-09,7,145,17,1,159.0,5
1354,2024-05-10,3,141,8,5,499.0,20
1355,2024-07-17,9,109,21,1,1975.94,5
1356,2023-12-27,15,123,37,2,449.0,5
1357,2023-11-07,6,128,14,3,1799.0,10
1358,2024-06-25,13,104,33,1,3299.0,0
1359,2024-04-15,3,123,8,1,449.0,0
1360,2024-04-26,5,141,11,3,499.0,0
1361,2024-04-21,11,110,27,1,6999.0,0
1362,2023-10-29,3,148,8,1,139.0,0
1363,2024-05-10,9,111,22,1,149.9,0
1364,2024-02-19,11,131,27,1,449.0,5
1365,2024-06-20,2,147,4,1,199.0,25
1366,2024-05-06,10,101,25,3,1784.42,5
1367,2023-12-17,2,112,4,2,79.9,20
1368,2023-11-14,3,146,8,1,89.9,0
1369,2024-01-03,11,104,28,3,3005.79,15
1370,2024-03-02,2,113,6,2,3499.0,25
1371,2023-12-03,12,115,30,3,2899.0,0
1372,2024-08-13,4,146,10,2,89.9,0
1373,2024-06-25,14,131,35,1,449.0,0
1374,2024-04-15,4,120,9,4,999.0,0
1375,2023-10-09,14,145,35,2,140.94,10
1376,2024-05-16,15,108,38,4,1499.0,0
1377,2023-10-15,14,106,36,1,59.9,0
1378,2024-08-31,12,145,30,1,147.68,0
1379,2024-06-27,15,147,39,2,175.65,0
1380,2023-10-29,12,105,29,1,5499.0,15
1381,2023-11-27,3,144,7,1,299.0,5
1382,2023-10-05,6,128,13,1,1799.0,5
1383,2023-12-11,4,125,10,1,2199.0,0
1384,2023-09-05,12,120,30,5,999.0,5
1385,2023-10-06,2,126,4,4,2999.0,25
1386,2023-10-31,4,130,9,1,621.81,15
1387,2024-02-28,2,124,6,2,129.9,5
1388,2024-05-22,12,113,30,2,3050.73,5
1389,2024-07-22,14,141,36,2,452.44,0
1390,2023-10-06,4,150,10,1,129.0,10
1391,2024-05-21,15,139,38,1,599.0,10
1392,2023-11-02,8,107,19,1,299.0,0
1393,2024-05-30,10,104,26,2,3299.0,5
1394,2024-05-13,14,124,35,3,112.21,0
1395,2023-09-25,7,106,16,5,59.9,5
1396,2023-09-16,10,135,24,4,1099.0,10
1397,2023-11-09,1,146,2,2,89.9,25
1398,2024-05-15,5,127,11,1,2599.0,0
1399,2023-09-14,1,149,1,3,229.0,15
1400,2024-06-24,15,105,39,1,5499.0,0
1401,2024-08-31,11,135,28,2,1099.0,25
1402,2024-03-06,12,146,30,3,89.9,15
1403,2024-04-28,6,117,15,3,2299.0,20
1404,2024-05-05,9,147,21,5,199.0,20
1405,2024-02-23,9,111,21,1,149.9,5
1406,2024-07-31,13,150,33,3,129.0,5
1407,2024-04-02,12,138,29,2,2199.0,5
1408,2023-10-10,12,142,30,3,449.0,0
1409,2023-11-09,8,124,19,4,129.9,25
1410,2024-08-20,6,147,14,2,199.0,10
1411,2024-08-29,12,104,30,2,3299.0,5
1412,2023-12-09,15,137,38,2,1799.0,0
1413,2023-10-07,10,121,26,1,1499.0,5
1414,2024-07-02,1,119,40,3,599.0,0
1415,2024-05-31,10,125,26,2,1975.18,0
1416,2024-02-08,8,144,19,1,299.0,0
1417,2024-02-27,6,108,13,3,1499.0,200
1418,2023-11-10,14,120,36,1,999.0,0
1419,2024-03-29,4,147,10,2,199.0,0
1420,2023-10-10,10,129,25,3,2899.0,5
1421,2024-02-13,6,138,,3,2199.0,0
1422,2024-08-20,7,112,17,2,79.9,10
1423,2024-06-16,5,147,12,2,199.0,0
1424,2024-07-05,12,112,31,4,79.9,0
1425,2024-01-26,1,103,2,2,2899.0,0
1426,2023-12-05,9,119,22,4,599.0,25
1427,2024-05-20,11,105,27,1,5499.0,0
1428,2023-12-09,8,130,20,4,699.0,0
1429,2024-08-28,9,150,21,1,129.0,20
1430,2023-11-27,7,106,17,1,59.9,0
1431,2024-08-31,2,112,5,2,79.9,20
1432,06/01/2024,15,121,37,3,1499.0,0
1433,2023-10-27,9,132,22,1,899.0,5
1434,2023-12-06,6,114,15,1,4899.0,10
1435,2024-03-04,8,103,18,3,2899.0,10
1436,2024-02-11,8,104,18,1,3299.0,0
1437,2024-05-22,1,138,3,3,2199.0,15
1438,2024-05-10,2,137,5,1,1799.0,30
1439,2023-09-19,12,135,29,1,1099.0,5
1440,2023-11-06,2,142,5,1,449.0,20
1441,2024-01-16,12,135,31,1,1099.0,5
1442,2024-08-20,1,108,1,3,1499.0,0
1443,2023-10-26,7,110,17,1,6999.0,5
1444,2024-01-26,8,113,19,2,3499.0,0
1445,2023-11-13,3,122,7,4,159.9,0
1446,2024-01-05,4,112,9,2,79.9,10
1447,2024-03-11,13,107,34,1,299.0,25
1448,2023-09-02,4,143,10,2,399.0,0
1449,2023-12-10,15,136,38,1,1399.0,10
1450,2023-11-06,3,104,8,2,3299.0,15
1451,2024-08-30,11,138,28,1,2199.0,10
1452,2024-03-11,3,104,8,1,3299.0,5
1453,2024-05-02,11,106,27,3,59.9,10
1454,2023-10-10,9,110,22,1,6999.0,15
1455,2024-03-20,4,131,9,1,449.0,10
1456,2023-11-02,12,110,30,1,6999.0,0
1457,2024-06-21,5,103,11,2,2899.0,5
1458,2024-06-20,8,137,20,1,1799.0,0
1459,2024-02-18,7,132,17,1,899.0,5
1460,2024-04-20,2,149,5,1,229.0,5
1461,2024-07-14,2,125,4,1,2199.0,10
1462,2024-01-22,8,124,20,2,129.9,25
1463,2024-04-13,14,110,36,5,6999.0,0
1464,2023-10-25,15,147,39,1,199.0,10
1465,2023-10-20,11,131,28,2,449.0,0
1466,2024-07-25,10,125,26,1,2199.0,0
1467,2023-09-28,8,119,20,2,565.77,30
1468,2023-11-08,3,135,8,1,1099.0,15
1469,2024-04-16,1,146,40,2,89.9,0
1470,2024-05-15,2,125,5,2,2199.0,0
1471,2023-10-18,5,131,11,1,449.0,25
1472,2024-04-03,3,132,7,1,899.0,5
1473,2024-03-27,2,121,5,2,1499.0,0
1474,2024-01-13,5,127,11,1,2599.0,10
1475,2023-12-09,6,131,15,1,395.47,5
1476,2023-12-01,9,131,23,3,449.0,0
1477,2023-12-22,11,114,27,2,4899.0,0
1478,2023-09-15,11,118,28,2,199.9,0
1479,2023-12-25,2,101,5,4,1899.0,5
1480,2024-04-07,2,118,6,2,199.9,0
1481,2024-05-13,10,139,26,1,599.0,0
1482,2024-07-13,15,146,39,1,89.9,0
1483,2023-10-02,13,110,34,1,6999.0,0
1484,2024-04-30,14,139,35,1,599.0,0
1485,2024-04-06,6,144,13,2,299.0,0
1486,2023-09-17,10,103,25,2,2899.0,0
1487,2023-11-12,4,102,10,1,999.0,5
1488,2024-08-01,12,133,31,3,1199.0,10
1489,2024-03-30,1,141,2,4,499.0,0
1490,2024-04-03,13,118,33,1,199.9,5
1491,2023-12-12,3,105,7,1,5499.0,5
1492,2024-07-25,15,115,38,2,2899.0,0
1493,2024-05-12,4,144,10,1,299.0,20
1494,2023-12-09,4,116,10,1,1799.0,5
1495,2024-06-17,10,117,25,1,2299.0,20
1496,2023-11-18,4,142,9,2,449.0,5
1497,2024-03-02,7,125,16,4,2199.0,0
1498,2024-05-05,7,123,17,3,449.0,20
1499,2023-11-18,7,104,16,3,3299.0,0
1500,2024-01-15,12,103,31,1,2899.0,0
1501,2024-03-14,13,148,33,1,139.0,30
1502,2024-01-26,6,135,15,1,1099.0,30
1503,2024-01-16,9,108,22,1,1499.0,0
1504,2024-03-22,10,116,26,1,1799.0,5
1505,2024-05-03,14,140,35,1,249.0,10
1506,2023-12-18,4,144,9,1,299.0,5
1507,2024-01-16,4,150,10,1,120.61,10
1508,2024-08-31,2,131,6,5,389.05,10
1509,2023-11-14,10,115,26,2,2899.0,0
1510,2024-08-14,11,149,28,1,229.0,0
1511,2023-11-05,5,137,12,4,1799.0,20
1512,2023-09-27,15,119,37,2,599.0,0
1513,2024-01-29,2,122,4,1,159.9,5
1514,2024-04-23,7,132,16,1,899.0,0
1515,2024-07-30,2,143,6,1,399.0,5
1516,2023-10-25,6,110,14,1,6999.0,15
1517,2023-10-09,8,140,19,3,249.0,0
1518,2023-11-21,8,104,18,3,3299.0,20
1519,2024-07-20,4,129,9,2,2899.0,0
1520,2024-07-25,5,102,12,1,999.0,0
1521,2023-10-02,3,135,8,3,1099.0,20
1522,2024-05-11,3,119,8,3,538.76,0
1523,2023-12-01,13,140,34,1,249.0,5
1524,2024-08-03,3,106,7,1,59.9,5
1525,2024-02-04,7,122,17,3,159.9,15
1526,2024-02-07,13,119,32,1,599.0,0
1527,2024-01-06,11,131,28,1,449.0,0
1528,2023-10-13,10,146,25,1,89.9,5
1529,2024-04-30,2,145,6,1,159.0,10
1530,2024-03-22,10,137,25,2,1799.0,10
1531,2024-06-20,12,124,31,1,129.9,5
1532,2023-11-24,9,136,21,2,1399.0,0
1533,2023-11-16,1,110,1,1,6999.0,5
1534,2023-09-10,4,146,10,1,89.9,0
1535,2023-09-09,6,117,13,2,2299.0,0
1536,2023-12-10,1,145,40,4,159.0,0
1537,29/04/2024,6,132,14,1,899.0,10
1538,2024-04-01,1,145,2,1,159.0,10
1539,2023-11-20,8,149,18,1,229.0,5
1540,2023-12-28,12,137,30,1,1799.0,0
1541,2024-08-02,5,119,12,1,599.0,15
1542,2024-06-03,10,125,,3,1930.52,10
1543,2024-06-03,10,114,24,1,4899.0,5
1544,2023-09-26,10,138,26,1,2199.0,5
1545,2023-12-11,6,130,15,3,699.0,15
1546,2024-04-21,4,110,10,1,6999.0,20
1547,2023-11-15,12,105,31,4,5499.0,0
1548,2023-10-16,3,132,8,1,899.0,0
1549,2023-12-04,11,101,27,3,1899.0,10
1550,2024-05-02,13,146,32,5,89.9,30
1551,2024-03-15,13,118,32,3,199.9,20
1552,2023-10-13,14,112,36,1,73.2,0
1553,2024-08-08,5,145,11,5,159.0,0
1554,2024-08-27,1,119,99,1,599.0,10
1555,2023-09-18,4,123,10,1,449.0,10
1556,2023-10-05,8,139,19,1,599.0,5
1557,2024-08-07,6,130,13,3,699.0,25
1558,2023-11-17,6,118,15,1,199.9,0
1559,2023-12-13,2,120,4,4,999.0,0
1560,2024-08-25,3,121,8,1,1499.0,0
1561,2023-11-20,12,102,31,2,999.0,10
1562,2024-08-26,8,108,19,2,1499.0,
1563,2023-11-21,10,143,25,1,359.57,10
1564,2024-02-20,10,143,24,2,399.0,5
1565,2023-09-11,13,118,33,2,199.9,30
1566,2024-02-15,11,130,27,3,699.0,0
1567,2024-07-09,13,147,33,3,199.0,5
1568,2023-11-27,14,150,36,3,129.0,10
1569,2024-04-08,3,102,8,1,999.0,30
1570,2024-05-04,4,121,9,5,1499.0,0
1571,2024-07-04,13,147,32,2,199.0,5
1572,2024-01-17,5,131,12,1,449.0,15
1573,2024-04-17,15,149,39,4,229.0,0
1574,2024-06-03,15,139,38,4,599.0,15
1575,2023-10-12,6,128,14,2,1799.0,0
1576,2024-02-03,15,134,38,1,181.09,15
1577,2023-10-08,15,103,38,4,2899.0,0
1578,2024-04-23,1,137,1,3,1799.0,10
1579,2024-01-20,3,107,7,1,299.0,0
1580,2024-01-04,14,114,35,2,4899.0,0
1581,2024-02-03,8,127,19,3,2347.8,10
1582,2024-08-28,6,102,14,2,999.0,0
1583,2024-07-23,13,111,32,2,149.9,10
1584,2023-09-29,5,129,11,2,2899.0,0
1585,2024-05-15,9,134,21,1,178.5,15
1586,2024-05-15,7,121,17,1,1348.19,0
1587,2024-05-28,7,149,17,4,200.39,0
1588,2024-05-10,7,101,16,1,1899.0,20
1589,2024-07-03,12,129,30,3,2899.0,5
1590,2024-07-08,11,129,27,5,2899.0,5
1591,2024-02-27,10,148,24,1,139.0,15
1592,2023-12-02,15,140,39,1,249.0,5
1593,2024-07-18,9,130,23,1,699.0,15
1594,2024-07-27,4,143,10,1,399.0,0
1595,2024-06-19,9,107,21,1,299.0,10
1596,2024-01-23,10,148,25,2,139.0,0
1597,2023-09-02,5,141,12,2,499.0,0
1598,2023-10-26,14,115,36,3,2899.0,5
1599,2023-12-18,4,105,9,4,5499.0,20
1600,2023-09-13,11,125,27,2,2199.0,5
1601,2023-09-14,13,129,34,3,2899.0,5
1602,2023-10-28,2,134,4,1,199.0,0
1603,2023-12-01,3,141,7,3,499.0,0
1604,2024-02-23, 14 ,134,36,4,199.0,15
1605,2023-11-21,10,125,25,2,2199.0,20
1606,2024-07-03,10,103,24,1,2899.0,0
1607,2023-12-20,3,130,7,3,616.8,10
1608,2024-05-24,1,149,40,1,229.0,5
1609,2024-01-18,5,141,12,5,499.0,0
1610,2023-12-27,7,136,17,1,1399.0,5
1611,2024-04-15,5,104,12,2,3299.0,10
1612,2024-03-02,10,109,24,2,2299.0,5
1613,2023-11-04,14,129,36,1,2899.0,15
1614,2024-04-03,6,102,15,1,999.0,15
1615,2023-09-23,1,106,2,4,59.9,5
1616,2024-03-16,8,134,19,1,199.0,5
1617,2024-04-04,14,109,35,2,2299.0,0
1618,2024-08-02,15,113,38,1,3216.46,0
1619,2024-08-27,7,120,16,2,930.52,0
1620,2024-08-09,2,112,4,2,79.9,20
1621,2024-02-20,13,136,33,3,1399.0,20
1622,2024-07-11,14,134,35,4,199.0,0
1623,2023-10-26,1,105,2,3,5499.0,10
1624,2023-10-20,13,109,32,4,2299.0,0
1625,2023-10-31,8,137,18,1,1799.0,15
1626,2023-12-09,15,131,39,1,449.0,5
1627,2024-08-13,4,117,9,3,2299.0,0
1628,2023-12-31,10,101,26,2,1899.0,5
1629,2023-10-05,11,145,28,1,159.0,15
1630,2023-12-14,3,132,7,2,899.0,10
1631,2024-04-06,6,109,14,4,2299.0,0
1632,2024-06-22,6,120,13,1,999.0,0
1633,2024-06-01,4,106,9,1,59.9,20
1634,2023-11-27,13,144,33,4,276.39,0
1635,2023-09-11,13,112,33,1,79.9,0
1636,2023-11-29,2,123,6,1,449.0,0
1637,2024-05-24,7,106,16,2,59.9,0
1638,2024-04-06,1,138,2,3,2199.0,0
1639,2023-12-25,11,108,28,1,1499.0,200
1640,2023-10-27,12,127,30,1,2599.0,0
1641,2024-01-11,14,146,36,1,89.9,10
1642,2024-03-13,15,103,38,1,2528.8,0
1643,2024-01-05,3,106,8,1,59.9,15
1644,2023-10-18,11,147,28,1,199.0,0
1645,2023-11-27,7,103,17,1,2899.0,0
1646,2023-10-15,9,141,23,1,499.0,5
1647,2024-07-27,2,111,4,2,149.9,0
1648,2023-09-21,4,141,9,1,436.12,5
1649,2023-09-29,6,134,15,4,199.0,0
1650,2024-08-21,1,133,,1,1199.0,10
1651,2024-04-19,11,146,27,1,89.9,20
1652,2024-04-23,15,128,37,1,1799.0,25
1653,2024-02-14,11,139,27,1,531.16,0
1654,2023-09-08,2,104,6,5,3299.0,25
1655,2024-03-28,7,144,16,1,299.0,20
1656,2023-11-09,9,134,23,1,199.0,10
1657,2024-05-04,12,107,30,3,299.0,0
1658,2023-10-26,4,117,9,1,2057.56,0
1659,2024-04-23,13,125,33,2,2199.0,0
1660,2023-12-06,11,148,28,1,139.0,5
1661,2023-10-23,9,146,22,1,89.9,0
1662,2023-11-29,13,147,34,1,199.0,5
1663,2023-10-01,6,107,15,1,299.0,10
1664,2024-07-04,2,122,4,1,159.9,0
1665,2023-11-30,4,147,10,4,199.0,10
1666,2023-09-29,14,143,36,1,399.0,10
1667,2024-04-16,12,143,31,2,357.05,0
1668,2024-05-25,2,116,4,1,1620.14,0
1669,2024-06-18,9,135,23,2,950.9,10
1670,2024-06-24,7,139,17,2,599.0,10
1671,2024-08-23,2,104,5,1,3299.0,5
1672,2023-10-09,9,150,23,3,129.0,0
1673,2023-12-31,11,107,28,2,299.0,0
1674,2023-12-21,13,128,34,1,1799.0,0
1675,2024-07-05,12,130,29,1,699.0,5
1676,2024-05-05,2,128,5,4,1799.0,0
1677,2024-04-10,12,126,29,1,2999.0,5
1678,2023-12-29,10,148,24,2,139.0,0
1679,2024-04-30,15,127,37,1,2599.0,10
1680,2023-11-26,2,102,5,1,999.0,0
1681,2023-12-18,9,139,22,2,599.0,20
1682,2024-05-01,2,134,5,5,199.0,0
1683,2024-07-26,14,145,35,3,159.0,0
1684,2024-08-06,7,134,17,1,199.0,10
1685,2023-11-12,5,135,11,3,1099.0,5
1686,2024-04-07,4,132,10,1,899.0,10
1687,2024-07-02,4,112,10,2,79.9,10
1688,2024-08-28,2,128,5,2,1636.65,0
1689,2024-04-14,2,108,4,2,1499.0,5
1690,2024-06-03,10,147,26,3,199.0,25
1691,2023-11-07,4,134,10,1,199.0,15
1692,2023-09-02,12,130,31,1,699.0,0
1693,2023-10-09,6,120,13,4,999.0,15
1694,2023-10-17,5,105,12,2,5499.0,0
1695,2023-09-26,11,142,27,1,404.2,5
1696,2023-09-23,11,132,27,1,899.0,0
1697,2024-02-21,14,107,35,2,299.0,0
1698,2024-01-16,6,145,13,2,159.0,0
1699,2024-03-14,8,113,20,2,3499.0,0
1700,2024-01-14,1,119,2,1,599.0,0
1701,2024-06-10,2,123,5,1,449.0,5
1702,2024-08-12,12,106,29,1,59.9,0
1703,2024-04-10,15,104,37,1,3299.0,25
1704,2023-10-03,1,104,40,3,3299.0,0
1705,2023-12-01,13,138,34,3,2199.0,5
1706,17/08/2024,13,114,33,1,4899.0,10
1707,2024-06-04,5,124,12,2,129.9,15
1708,2023-10-29,3,145,7,2,159.0,0
1709,2023-12-13,10,141,24,2,499.0,10
1710,2023-10-19,12,109,31,1,2299.0,10
1711,2024-05-27,7,105,17,1,5499.0,10
1712,2023-11-10,12,101,30,1,1899.0,15
1713,2024-06-04,14,112,36,1,79.9,5
1714,2023-11-17,14,120,36,1,999.0,10
1715,2024-03-02,8,110,20,1,6999.0,10
1716,2023-10-21,15,103,37,1,2899.0,25
1717,2023-11-10,1,110,3,1,6999.0,20
1718,2024-08-07,3,142,8,2,449.0,0
1719,2024-04-05,6,102,15,1,929.83,0
1720,2023-10-11,1,116,40,2,1799.0,0
1721,2023-10-04,11,150,27,1,129.0,5
1722,2023-09-08,1,138,1,2,1997.61,5
1723,2023-12-25,5,110,12,2,6999.0,0
1724,2023-11-08,14,137,36,1,1799.0,15
1725,2024-02-26,9,136,22,2,1399.0,0
1726,2023-11-24,10,131,26,2,449.0,0
1727,2024-08-24,12,131,29,3,393.86,20
1728,2023-12-14,8,129,19,1,2546.62,0
1729,2024-07-01,14,112,36,1,79.9,0
1730,2023-09-06,9,129,21,1,2470.25,5
1731,2023-10-28,14,142,35,1,449.0,5
1732,2024-07-30,14,132,35,3,769.42,30
1733,2024-01-15,12,145,31,3,159.0,0
1734,2023-10-23,9,133,21,2,1199.0,0
1735,2023-11-24,14,104,35,3,3299.0,15
1736,2024-06-26,10,117,24,2,2299.0,20
1737,2024-01-20,9,119,22,3,599.0,20
1738,2024-07-04,10,141,25,1,499.0,0
1739,2024-05-21,5,141,12,5,499.0,0
1740,2023-10-08,14,106,36,1,59.9,15
1741,2024-04-15,9,118,23,1,176.27,15
1742,2023-11-16,3,114,7,1,4899.0,30
1743,2024-01-17,7,129,17,1,2899.0,20
1744,2024-07-01,12,126,31,1,2999.0,5
1745,2024-01-11,6,119,13,2,537.89,0
1746,2023-11-01,8,119,20,1,599.0,15
1747,2024-01-27,13,119,33,1,599.0,0
1748,2023-12-28,11,105,28,2,5499.0,5
1749,2023-09-17,7,126,16,1,2999.0,10
1750,2024-03-03,7,121,17,1,1499.0,0
1751,2024-02-05,9,148,22,1,118.87,10
1752,2024-08-15,3,110,7,1,6279.7,0
1753,2024-06-12,4,144,9,1,299.0,15
1754,2024-07-25,6,135,14,1,1099.0,0
1755,2024-02-22,3,142,8,1,449.0,15
1756,2024-04-10,13,143,34,1,399.0,15
1757,2024-04-19,4,104,10,1,3299.0,0
1758,2024-03-31,6,126,14,1,2999.0,5
1759,2023-12-29,13,127,33,1,2599.0,10
1760,2023-09-06,4,131,10,1,401.0,5
1761,2023-12-11,3,124,7,1,129.9,10
1762,2024-01-16,9,111,23,1,149.9,5
1763,2024-04-26,11,126,27,2,2999.0,15
1764,2024-01-11,12,141,29,3,468.73,0
1765,2024-05-21,13,148,33,1,139.0,30
1766,2024-06-02,4,104,9,1,3299.0,0
1767,2024-04-22,14,113,35,2,3499.0,0
1768,2023-09-26,1,121,40,2,1499.0,0
1769,2024-07-19,8,108,18,2,1499.0,20
1770,2023-12-14,3,120,7,1,999.0,20
1771,2023-09-01,6,118,13,1,199.9,0
1772,2024-07-18,6,122,13,1,159.9,5
1773,2024-06-06,8,119,20,1,599.0,0
1774,2024-06-07,2,127,5,3,2599.0,5
1775,2024-06-17,6,141,13,4,499.0,
1776,2023-11-02,4,114,10,3,4899.0,0
1777,2024-08-08,1,101,1,1,1791.05,0
1778,2024-08-02,5,128,12,1,1799.0,10
1779,2024-01-08,13,141,34,4,499.0,5
1780,2024-06-20,14,108,35,1,1499.0,0
1781,2023-11-11,3,106,8,1,59.9,0
1782,2023-12-07,3,137,7,3,1799.0,15
1783,2023-11-09,6,118,13,2,199.9,10
1784,2024-06-06,3,138,7,1,2199.0,0
1785,2024-06-23,3,116,7,1,1799.0,0
1786,2023-11-04,7,107,16,1,299.0,5
1787,2024-04-27,3,120,8,1,999.0,5
1788,2024-08-13,4,111,10,2,149.9,10
1789,2024-06-13,99,127,35,2,2599.0,10
1790,2024-02-29,7,117,17,2,2299.0,10
1791,2024-06-20,7,112,16,1,79.9,0
1792,2023-11-11,10,117,24,1,2161.63,5
1793,2024-06-26,1,129,3,1,2496.53,10
1794,2024-08-24,9,118,22,1,199.9,0
1795,2024-08-16,8,143,18,1,399.0,25
1796,2024-05-02,10,103,26,5,2899.0,
1797,2023-11-21,15,107,39,2,299.0,0
1798,2023-11-05,10,109,24,3,2299.0,5
1799,2024-01-23,11,124,27,1,129.9,10
1800,2024-02-09,1,104,3,4,3299.0,0
1801,2024-05-31,4,102,9,1,999.0,0
1802,2023-12-11,6,149,15,1,229.0,0
1803,2024-07-16,7,105,16,4,5499.0,5
1804,2024-04-30,7,147,17,1,199.0,0
1805,2023-12-23,15,116,38,1,1799.0,0
1806,2023-09-21,10,140,24,2,249.0,25
1807,2024-04-18,15,146,37,1,89.9,0
1808,2024-02-17,12,132,30,2,899.0,0
1809,2024-02-02,15,105,39,1,5499.0,15
1810,2023-12-10,7,119,16,3,599.0,0
1811,2023-09-08,5,130,11,3,650.63,20
1812,2024-06-06,11,106,27,4,59.9,5
1813,2024-06-20,11,143,27,1,399.0,5
1814,2024-06-30,5,126,11,2,2999.0,0
1815,2023-12-20,3,128,8,2,1622.15,0
1816,2024-07-05,10,131,25,1,449.0,0
1817,2024-01-13,7,118,16,1,199.9,5
1818,2023-11-17,9,123,22,1,449.0,5
1819,2024-01-16,8,150,18,4,129.0,0
1820,2024-07-14,9,108,21,3,1499.0,5
1821,2024-08-08,15,129,38,1,2899.0,0
1822,2023-12-19,13,103,34,1,2899.0,20
1823,2024-06-18,5,112,12,2,79.9,5
1824,2024-08-02,2,111,5,1,149.9,0
1825,2024-03-30,9,114,21,2,4899.0,5
1826,2024-04-11,14,135,36,1,1099.0,5
1827,2023-12-15,12,115,29,1,2899.0,0
1828,2023-10-27,2,143,4,3,399.0,15
1829,2024-02-11,15,117,39,1,2299.0,0
1830,2024-06-15,5,122,11,3,159.9,0
1831,2024-02-02,9,128,22,2,1557.82,0
1832,2024-01-07,3,114,8,1,4899.0,5
1833,2024-05-19,2,123,5,1,449.0,5
1834,2024-06-02,4,999,9,1,999.0,15
1835,2024-07-21,14,147,36,4,199.0,0
1836,2023-11-13,1,110,2,3,6999.0,20
1837,2024-08-31,11,112,28,1,69.53,0
1838,2024-04-03,4,117,10,1,2299.0,0
1839,2024-04-01,2,125,6,1,2199.0,25
1840,2024-05-08,11,129,27,2,2899.0,0
1841,2024-07-24,3,126,7,1,2728.48,20
1842,2024-03-11,4,107,10,1,299.0,0
1843,2023-11-25,9,109,22,1,2299.0,5
1844,2024-06-07,2,106,5,1,59.9,5
1845,2023-10-31,10,109,25,1,2299.0,0
1846,2023-10-28,15,145,39,1,136.33,20
1847,2023-12-29,6,106,13,2,59.9,15
1848,2024-04-29,4,125,9,2,2199.0,5
1849,2024-04-11,2,108,6,1,1499.0,0
1850,2023-12-26,11,146,28,1,89.9,
1851,2023-10-05,7,105,16,2,5499.0,0
1852,2023-09-01,7,107,17,3,299.0,15
1853,2024-08-05,6,115,13,1,2899.0,25
1854,2023-12-02,2,106,5,2,59.9,5
1855,2024-02-12,9,118,23,3,199.9,5
1856,2024-04-21,8,118,20,1,199.9,25
1857,2023-11-27,3,121,7,3,1499.0,15
1858,2024-03-21,14,114,36,1,4899.0,5
1859,2023-12-01,13,138,32,4,2199.0,5
1860,2024-02-18,1,134,1,1,199.0,0
1861,2023-09-04,8,134,19,5,199.0,0
1862,2024-04-11,2,112,6,2,71.49,0
1863,2023-09-13,10,122,24,3,159.9,10
1864,2023-12-11,9,107,21,1,299.0,5
1865,2023-10-24,13,142,34,2,449.0,30
1866,2024-03-26,1,104,40,3,3299.0,0
1867,2024-07-10,3,150,7,3,129.0,10
1868,2024-05-24,7,127,17,1,2599.0,25
1869,2023-11-14,5,114,11,2,4899.0,15
1870,2023-12-27,7,135,17,1,987.26,0
1871,2024-07-17,5,122,12,2,159.9,5
1872,2023-12-31,7,147,16,2,188.14,15
1873,2023-11-07,14,128,35,1,1799.0,0
1874,2024-08-26,10,122,26,2,159.9,20
1875,2024-05-17,14,127,36,2,2599.0,0
1876,2023-09-14,15,136,38,3,1399.0,5
1877,2023-10-15,3,111,8,3,149.9,15
1878,2023-11-25,8,109,18,1,2299.0,10
1879,2024-05-14,6,114,14,2,4899.0,0
1880,2023-12-26,12,137,30,1,1799.0,0
1881,2023-10-02,8,106,20,1,59.9,25
1882,2023-12-11,6,101,13,3,1899.0,0
1883,2023-11-09,14,118,35,3,186.05,0
1884,2024-06-20,1,150,2,3,129.0,0
1885,2024-04-26,14,112,35,2,79.9,0
1886,2024-05-13,2,113,6,1,3153.21,0
1887,2023-09-03,5,148,12,3,139.0,0
1888,2023-10-25,4,114,9,1,4457.0,10
1889,2024-06-14,13,132,32,1,899.0,0
1890,2024-07-21,10,139,25,1,599.0,5
1891,2024-01-21,6,102,13,1,999.0,0
1892,2024-08-03,3,129,7,2,2899.0,25
1893,2024-05-26,13,107,33,1,299.0,0
1894,2023-11-21,11,107,28,2,299.0,
1895,2024-05-31,4,142,10,1,449.0,15
1896,2023-12-12,10,119,25,1,599.0,0
1897,2024-08-22,14,120,36,1,999.0,0
1898,2024-04-03,1,104,3,3,2996.3,30
1899,2024-07-02,2,127,5,3,2599.0,10
1900,2024-04-26,1,101,1,2,1899.0,20
1901,2024-08-30,10,137,24,1,1799.0,10
1902,2023-12-17,6,127,14,1,2599.0,
1903,2023-11-22,10,147,26,1,199.0,20
1904,2024-05-10,2,141,6,3,499.0,10
1905,2024-06-04,6,131,15,3,449.0,0
1906,2024-04-16,15,147,37,1,199.0,30
1907,2023-12-08,9,117,22,1,2299.0,20
1908,2024-03-02,11,129,28,2,2899.0,10
1909,2024-08-01,99,113,1,1,3499.0,20
1910,2023-12-28,7,123,17,1,423.09,10
1911,2024-08-19,2,118,5,1,199.9,5
1912,2023-10-25,15,112,39,2,79.9,0
1913,2023-12-07,5,114,11,1,4899.0,10
1914,2023-11-09,5,150,11,3,129.0,0
1915,2024-04-23,9,147,21,1,199.0,5
1916,2024-05-05,11,129,27,1,2899.0,0
1917,2024-08-28,8,103,19,1,2899.0,20
1918,2023-09-11,15,130,38,1,699.0,0
1919,2023-09-16,1,116,2,3,1799.0,0
1920,2023-09-22,15,119,38,1,599.0,10
1921,2023-11-27,6,119,13,4,599.0,5
1922,2024-08-25,14,148,35,1,123.26,15
1923,2024-06-17,9,144,21,3,299.0,0
1924,2023-10-17,13,122,34,4,159.9,0
1925,2023-12-01,11,114,28,1,4899.0,20
1926,2023-09-12,7,139,16,1,599.0,0
1927,2024-03-01,9,123,21,3,449.0,5
1928,2023-12-23,3,137,8,1,1799.0,15
1929,2024-05-20,5,115,11,3,2899.0,0
1930,2023-10-30,5,127,12,1,2274.57,0
1931,2024-03-21,3,113,7,4,3499.0,0
1932,2024-06-02,5,142,11,2,449.0,10
1933,2023-11-18,11,132,28,1,899.0,0
1934,2024-06-07,2,109,4,3,1992.53,0
1935,2024-08-04,11,105,28,2,5070.34,10
1936,2024-01-17,14,136,35,1,1399.0,10
1937,2024-03-06,11,142,27,2,449.0,15
1938,2024-06-19,12,148,29,3,139.0,5
1939,2024-07-09,1,149,40,1,229.0,10
1940,2024-08-14,15,144,38,1,299.0,0
1941,2024-05-30,10,140,26,3,249.0,0
1942,2023-10-09,6,150,15,1,129.0,0
1943,2024-08-25,4,145,10,3,159.0,0
1944,2023-12-15,8,149,20,2,204.54,15
1945,2023-12-25,5,122,11,2,159.9,5
1946,2024-03-25,8,109,19,3,2299.0,0
1947,2024-08-27,15,149,37,2,229.0,25
1948,2024-01-27,11,136,28,1,1399.0,5
1949,2023-11-21,6,112,13,1,79.9,0
1950,2024-03-13,9,104,22,1,3299.0,10
1951,2023-11-25,7,138,17,4,2199.0,20
1952,2024-04-11,14,142,35,3,449.0,10
1953,2023-11-15,7,137,17,1,1799.0,5
1954,2023-09-25,7,113,16,3,3499.0,15
1955,2024-08-26,5,136,11,2,1399.0,15
1956,2023-10-15,4,150,10,2,121.12,5
1957,2023-10-10,14,108,36,1,1499.0,5
1958,2023-12-17,2,112,5,3,79.9,0
1959,2024-08-29,13,148,34,4,139.0,0
1960,2023-10-15,11,120,27,2,999.0,25
1961,2023-10-08,8,129,20,2,2899.0,0
1962,2024-05-14,3,150,8,1,129.0,0
1963,2024-02-01,10,132,24,2,899.0,25
1964,2023-09-19,5,107,11,1,299.0,0
1965,2023-09-27,11,146,27,1,89.9,20
1966,2023-09-13,1,120,3,1,999.0,10
1967,2023-10-17,6,103,14,1,2899.0,0
1968,2024-03-18,5,123,12,4,449.0,15
1969,2023-10-15,1,106,1,4,59.9,0
1970,2024-08-23,15,101,38,1,1899.0,25
1971,2023-11-07,13,107,32,1,299.0,0
1972,2023-10-31,7,122,17,1,159.9,20
1973,2023-11-22,2,130,5,3,699.0,20
1974,2024-03-04,9,111,21,2,149.9,20
1975,2023-11-20,1,121,2,1,1384.12,0
1976,2024-05-04,5,130,11,2,699.0,0
1977,2024-04-19,2,102,4,1,999.0,15
1978,2023-11-05,2,147,5,2,199.0,20
1979,2024-07-14,4,114,10,1,4899.0,25
1980,2024-07-09,3,130,8,1,699.0,0
1981,2023-12-11,11,149,28,3,229.0,0
1982,2023-12-09,13,124,34,2,129.9,5
1983,2024-04-26,1,139,1,1,558.66,15
1984,2024-03-19,5,148,11,1,139.0,0
1985,2024-02-29,12,114,30,1,4899.0,25
1986,2023-11-17,4,127,10,3,2599.0,15
1987,2024-06-26,5,150,11,2,129.0,0
1988,2023-12-30,12,143,30,1,399.0,0
1989,2024-06-06,4,125,9,2,2199.0,15
1990,2023-11-30,3,144,8,3,299.0,0
1991,2024-06-30,1,149,3,2,229.0,0
1992,2024-07-21,11,130,28,2,699.0,10
1993,2024-08-22,4,149,10,3,229.0,20
1994,2024-03-15,7,141,16,4,499.0,5
1995,2023-10-19,9,123,23,3,449.0,10
1996,2024-03-04,1,127,2,4,2353.15,5
1997,2023-11-26,13,119,32,3,557.91,0
1998,2024-06-14,14,139,36,3,599.0,10
1999,2023-12-07,14,117,35,2,2299.0,5
2000,2024-07-18,9,129,21,2,2899.0,5
2001,2023-11-15,11,117,27,2,2299.0,0
2002,2024-03-13,10,120,25,1,999.0,20
2003,2023-11-03,5,140,11,2,249.0,0
2004,2024-02-09,7,112,17,3,75.71,0
2005,2024-07-23,4,121,10,1,1499.0,10
2006,2024-08-03,2,116,6,2,1799.0,0
2007,2024-01-02,7,143,16,1,399.0,0
2008,2024-03-16,8,134,19,1,179.34,0
2009,2024-04-13,6,137,15,2,1799.0,0
2010,2024-02-23,3,128,7,1,1695.11,0
2011,2023-10-17,9,130,21,2,699.0,0
2012,2023-11-10,14,121,36,2,1499.0,0
2013,2024-05-05,3,132,8,1,899.0,5
2014,2024-02-08,4,139,9,5,599.0,10
2015,2023-12-21,7,129,16,2,2719.89,0
2016,2024-06-19,11,130,28,1,699.0,10
2017,2023-10-13,1,105,40,1,5499.0,10
2018,2024-08-04,15,137,39,1,1799.0,0
2019,2024-02-11,8,149,18,2,229.0,10
2020,2024-07-15,12,106,31,2,59.9,5
2021,2023-09-25,11,139,27,2,599.0,0
2022,2024-01-06,15,149,38,1,229.0,20
2023,2024-07-03,6,137,14,2,1799.0,10
2024,2024-02-12,1,134,2,1,184.44,10
2025,2024-07-15,8,117,20,1,2299.0,0
2026,2024-02-03,6,122,15,2,159.9,10
2027,2023-11-12,8,104,18,1,3299.0,0
2028,2023-10-05,11,120,27,1,999.0,0
2029,2024-06-30,5,119,12,1,599.0,0
2030,2024-04-29,7,136,17,2,1399.0,5
2031,2024-08-20,12,116,29,3,1799.0,0
2032,2024-05-21,5,146,12,3,89.9,20
2033,2023-10-21,5,103,11,1,2899.0,20
2034,2024-04-18,6,101,13,1,1899.0,5
2035,2023-10-27,5,125,12,2,2199.0,0
2036,2024-05-29,11,137,27,1,1799.0,10
2037,2024-04-28,3,150,7,1,129.0,10
2038,2023-09-01,5,116,11,1,1799.0,10
2039,2024-02-12,6,106,13,3,59.9,0
2040,2023-09-13,14,150,35,1,129.0,5
2041,2024-06-16,9,132,22,4,899.0,5
2042,2024-08-26,10,109,24,3,2299.0,15
2043,2024-06-19,11,131,28,1,449.0,0
2044,2024-06-18,11,150,28,1,129.0,5
2045,2023-09-13,4,113,9,1,3499.0,5
2046,2023-10-04,14,130,36,1,623.98,10
2047,2024-06-19,9,128,23,1,1594.94,5
2048,2024-02-13,2,102,4,1,999.0,0
2049,2023-11-24,3,132,7,3,899.0,5
2050,2024-08-21,1,142,2,1,415.71,25
2051,2023-10-22,6,140,13,1,249.0,0
2052,2024-03-23,10,107,25,2,280.63,0
2053,2024-03-31,7,128,16,3,1799.0,5
2054,2024-04-15,12,130,29,1,699.0,5
2055,2023-11-12,10,140,24,2,249.0,20
2056,2023-09-22,2,135,4,2,1099.0,15
2057,2023-11-30,4,108,9,2,1499.0,0
2058,2024-06-03,15,144,38,3,299.0,5
2059,2023-09-02,4,150,10,5,129.0,20
2060,28/06/2024,10,133,26,3,1199.0,15
2061,2023-11-19,15,136,37,1,1399.0,10
2062,2024-08-03,13,114,34,1,4899.0,25
2063,2024-06-15,7,150,16,1,129.0,0
2064,2024-05-08,7,107,17,2,299.0,5
2065,2023-11-18,10,107,24,2,299.0,15
2066,2023-09-07,11,142,27,1,449.0,15
2067,2023-10-19,5,119,11,2,599.0,20
2068,2023-10-19,8,121,19,1,1499.0,15
2069,2023-10-28,6,137,13,3,1799.0,0
2070,2023-10-19,6,129,15,1,2899.0,0
2071,2024-04-06,11,108,27,4,1499.0,5
2072,2024-02-29,6,108,,3,1499.0,0
2073,2023-11-21,6,144,14,1,299.0,20
2074,2024-03-07,14,125,36,1,2199.0,15
2075,2023-11-24,13,119,34,2,599.0,0
2076,2023-12-26,9,145,21,1,159.0,10
2077,2024-01-24,2,148,4,1,139.0,0
2078,2023-12-22,14,112,35,1,79.9,10
2079,2024-05-09,11,116,27,4,1799.0,0
2080,2024-04-26,13,138,32,2,2199.0,25
2081,2023-12-14,15,123,38,2,449.0,15
2082,2024-07-17,15,140,37,1,249.0,10
2083,2024-06-15,4,127,10,1,2599.0,5
2084,2024-06-12,11,126,28,2,2999.0,0
2085,2023-12-23,15,135,38,1,1099.0,20
2086,2024-02-13,15,122,37,1,159.9,0
2087,2023-11-06,11,149,27,1,229.0,15
2088,2024-04-02,12,106,29,2,59.9,0
2089,2024-03-05,6,141,13,2,499.0,0
2090,2023-09-20,11,144,27,1,299.0,25
2091,2024-06-04,2,118,6,2,199.9,5
2092,2024-04-30,2,101,6,3,1899.0,15
2093,2023-11-19,3,121,7,1,1499.0,15
2094,2024-05-10,11,141,28,1,499.0,0
2095,2024-04-26,10,141,25,1,499.0,10
2096,2024-05-13,9,126,21,1,2999.0,15
2097,2023-10-07,10,129,26,4,2899.0,10
2098,2024-02-17,11,145,28,3,137.3,0
2099,2024-07-02,10,142,26,2,449.0,15
2100,2024-06-10,13,107,32,1,299.0,5
2101,2023-11-22,15,140,37,1,249.0,5
2102,2023-12-26,13,120,34,1,999.0,0
2103,2023-10-19,9,125,22,4,2199.0,5
2104,2024-02-04,8,141,19,3,499.0,5
2105,2024-03-03,13,106,32,1,59.9,0
2106,2024-05-02,10,142,26,4,449.0,15
2107,2024-04-21,15,104,37,1,3049.84,0
2108,2024-04-29,14,102,36,2,999.0,20
2109,2024-03-28,6,143,14,1,375.54,5
2110,2024-06-21,4,112,10,1,79.9,0
2111,2023-10-27,4,105,9,1,5499.0,0
2112,2023-11-19,11,125,28,1,2199.0,0
2113,2024-05-30,15,117,39,1,2299.0,0
2114,2024-08-11,99,149,31,1,207.27,0
2115,2023-12-16,15,137,37,1,1799.0,0
2116,2023-12-17,5,139,12,1,599.0,10
2117,2023-11-18,10,129,24,4,2899.0,5
2118,2023-11-01,13,136,32,4,1399.0,10
2119,2024-01-02,12,123,30,1,449.0,10
2120,2024-02-06,3,101,8,1,1899.0,5
2121,2024-07-15,5,105,12,4,5499.0,0
2122,2024-04-25,6,121,13,4,1499.0,0
2123,2024-06-19,3,133,8,1,1199.0,0
2124,2024-02-06,2,111,4,2,149.9,15
2125,2024-06-23,15,115,39,1,2899.0,0
2126,2024-03-01,10,129,25,3,2899.0,10
2127,2024-01-15,5,150,11,1,129.0,25
2128,2024-06-11,3,130,8,4,699.0,20
2129,2024-05-12,13,111,32,1,149.9,10
2130,2023-09-15,15,150,39,4,121.01,5
2131,2023-12-18,1,118,40,1,199.9,0
2132,2023-12-27,14,109,36,1,2299.0,25
2133,2024-01-19,5,111,11,1,149.9,10
2134,2024-06-30, 8 ,136,19,1,1399.0,5
2135,2023-11-20,15,132,38,3,899.0,20
2136,2024-07-09,11,139,28,3,599.0,25
2137,2024-03-03,7,112,17,1,79.9,0
2138,2024-01-02,7,105,17,1,5499.0,15
2139,2024-06-02,9,107,21,1,299.0,25
2140,2024-04-03,11,111,27,1,149.9,0
2141,2024-03-12,14,113,35,2,3499.0,5
2142,2024-08-19,1,120,3,1,999.0,0
2143,2023-10-18,5,142,11,2,449.0,0
2144,2023-11-04,10,108,25,3,1499.0,0
2145,2024-06-16,12,122,29,1,159.9,5
2146,2024-08-19,9,119,21,3,599.0,15
2147,2024-06-02,14,115,36,2,2899.0,15
2148,2024-08-04, 11 ,130,28,4,699.0,5
2149,2023-10-11,11,125,28,1,2042.55,0
2150,2024-06-10,2,115,6,1,2624.22,5
2151,2024-01-08,4,106,10,3,59.9,30
2152,2023-09-26,6,122,15,3,159.9,25
2153,2023-11-23,8,121,18,5,1499.0,0
2154,2023-10-11,12,143,31,1,399.0,
2155,2024-07-23,15,127,37,2,2599.0,0
2156,2023-12-12,10,124,26,1,129.9,10
2157,2024-08-02,12,117,31,2,2299.0,0
2158,2024-05-06,10,125,24,1,2199.0,25
2159,2024-08-22,2,103,5,3,2899.0,20
2160,2024-05-02,2,120,4,5,999.0,25
2161,2023-12-06,9,101,23,3,1899.0,0
2162,2024-05-02,9,150,21,1,129.0,5
2163,2023-12-06,15,113,38,2,3499.0,0
2164,2023-11-11,15,137,38,3,1799.0,0
2165,2023-09-09,15,123,37,3,449.0,0
2166,2024-02-08,14,118,36,2,199.9,5
2167,2023-09-30,2,130,5,2,699.0,5
2168,2023-09-29,12,104,31,2,3299.0,20
2169,2024-08-18,8,121,20,3,1499.0,15
2170,2024-04-18,8,122,19,1,150.15,0
2171,2024-01-17,7,124,16,1,129.9,25
2172,2024-04-11,8,142,20,4,449.0,5
2173,2023-10-25,7,120,17,1,999.0,20
2174,2023-12-07,1,144,2,1,299.0,0
2175,2024-07-16,9,124,23,2,116.82,15
2176,2023-11-16,7,113,16,3,3499.0,20
2177,2024-01-11,12,130,31,2,625.94,15
2178,2024-05-15,7,147,17,1,199.0,5
2179,2024-03-02,1,118,2,1,199.9,20
2180,2024-04-06,13,115,32,1,2899.0,0
2181,2023-11-19,4,122,10,5,159.9,30
2182,2024-08-23,8,126,20,3,2999.0,5
2183,2024-06-21,6,138,14,1,2199.0,5
2184,2024-08-04,7,101,16,3,1899.0,0
2185,2024-06-25,13,129,34,1,2899.0,0
2186,2024-07-13,3,135,8,4,1099.0,0
2187,2024-06-13,8,139,19,2,525.2,0
2188,2024-05-15,5,146,11,2,89.9,10
2189,2023-11-08,7,145,17,1,159.0,10
2190,2024-06-27,12,106,99,4,59.9,5
2191,2024-08-28,11,132,27,1,899.0,15
2192,2024-04-01,8,120,20,5,937.56,30
2193,2024-01-22,13,121,32,1,1499.0,5
2194,2024-02-29,12,130,29,4,699.0,5
2195,2024-03-15,10,128,26,1,1799.0,20
2196,2024-05-28,4,150,9,1,129.0,10
2197,2024-03-05,12,135,31,1,1010.91,15
2198,2024-04-24,1,133,40,2,1199.0,0
2199,2024-05-21,5,143,12,1,399.0,15
2200,2023-09-16,5,149,12,1,195.09,5
2201,2024-04-03,7,142,17,2,449.0,0
2202,2024-06-30,15,135,37,1,1099.0,0
2203,2023-12-16,9,116,21,1,1799.0,0
2204,2024-06-23,15,139,39,4,599.0,25
2205,2023-09-16,8,143,18,2,399.0,10
2206,2024-08-24,8,128,19,1,1799.0,5
2207,2024-08-23,10,119,26,3,599.0,10
2208,2023-11-17,1,148,40,4,139.0,0
2209,2024-07-14,10,123,26,5,449.0,0
2210,2023-09-09,10,103,26,1,2899.0,5
2211,2023-11-25,11,144,27,3,299.0,10
2212,2024-06-21,11,119,27,1,599.0,5
2213,2024-02-14,8,125,19,1,2199.0,0
2214,2023-12-06,4,144,9,3,299.0,0
2215,2024-03-03,10,121,24,1,1332.6,0
2216,2024-03-18,12,130,30,3,699.0,0
2217,2023-10-12,14,150,35,3,129.0,0
2218,2024-06-08,9,134,22,4,199.0,
2219,2023-09-27,10,125,26,2,2199.0,5
2220,2024-06-07,6,115,14,1,2899.0,10
2221,2024-06-25,7,142,16,1,449.0,0
2222,2024-03-21,5,143,11,1,399.0,0
2223,2024-02-01,5,141,12,4,499.0,0
2224,2023-10-17,10,144,26,1,299.0,0
2225,2024-05-11,14,114,36,1,4899.0,5
2226,2024-08-17,15,131,38,2,449.0,
2227,2024-07-15,13,143,32,1,399.0,15
2228,2024-03-17,2,123,4,1,449.0,5
2229,2023-10-05,13,140,32,2,249.0,10
2230,2024-04-05,12,149,29,1,229.0,10
2231,2024-02-02,5,118,11,2,184.36,15
2232,2023-10-29,1,112,3,1,79.9,0
2233,2023-11-17,12,126,29,1,2999.0,
2234,2023-12-27,1,146,3,1,89.9,0
2235,2023-10-05,6,108,14,2,1499.0,15
2236,2024-05-01,10,104,24,1,3299.0,25
2237,2023-11-11,2,110,4,1,6999.0,5
2238,2024-05-29,5,107,11,1,270.31,0
2239,2023-12-10,13,118,33,1,172.65,0
2240,2024-04-03,12,109,29,1,2299.0,0
2241,2024-05-31,2,127,6,2,2599.0,20
2242,2024-05-31,7,145,16,1,159.0,0
2243,2024-04-21,7,131,16,2,449.0,0
2244,2024-06-13,13,119,33,4,599.0,10
2245,2023-12-30,9,122,23,2,159.9,5
2246,2024-05-15,7,116,16,1,1799.0,20
2247,2023-12-19,10,148,26,2,139.0,20
2248,2023-09-11,9,122,21,1,159.9,0
2249,2023-11-15,7,124,16,1,129.9,5
2250,2023-12-26,5,125,12,1,2199.0,0
2251,2024-04-19,8,143,19,1,399.0,5
2252,2024-02-08,8,113,19,2,3499.0,5
2253,2024-08-27,13,107,32,2,299.0,15
2254,2024-05-21,5,141,12,5,499.0,0
2255,2023-11-17,9,111,21,1,149.9,0
2256,2024-05-13,12,136,31,1,1399.0,5
2257,2023-12-14,10,110,24,1,6999.0,0
2258,2023-09-11,1,143,2,1,399.0,0
2259,2023-12-08,11,107,28,2,299.0,0
2260,2024-06-13,7,146,16,3,89.9,15
2261,2024-02-17,2,120,5,1,999.0,0
2262,2023-09-16,7,121,16,1,1499.0,20
2263,2024-04-04,6,122,13,1,159.9,5
2264,2024-02-04,1,118,1,3,199.9,5
2265,2024-04-05,5,144,12,1,299.0,0
2266,2024-04-10,2,133,6,1,1199.0,0
2267,2024-04-29,12,148,29,2,139.0,0
2268,2023-11-05,9,118,23,2,199.9,10
2269,2024-02-04,12,124,31,1,129.9,20
2270,2024-04-01,3,113,7,1,3499.0,10
2271,2023-10-15,15,146,37,1,89.9,20
2272,2023-12-11,12,150,29,2,129.0,5
2273,2023-09-25,5,127,12,5,2599.0,5
2274,2023-11-09,12,133,29,1,1199.0,0
2275,2024-06-19,10,114,24,4,4899.0,10
2276,2024-06-20,1,122,3,3,159.9,30
2277,2023-11-25,10,139,25,2,599.0,25
2278,2024-04-26,11,103,27,1,2505.5,10
2279,2024-07-01,6,140,13,1,249.0,10
2280,2023-12-29,1,111,40,1,149.9,10
2281,2024-08-11,7,125,16,2,2199.0,0
2282,2024-03-19,10,126,25,1,2999.0,5
2283,2024-06-30,3,130,8,1,699.0,10
2284,2024-06-01,15,124,38,1,129.9,0
2285,2024-07-02,6,111,13,1,149.9,0
2286,2024-08-12,10,116,24,3,1531.57,15
2287,2024-08-15,8,121,19,1,1499.0,5
2288,2024-07-18,4,112,9,1,74.27,0
2289,2024-04-18,15,110,38,1,6999.0,0
2290,2024-06-13,1,103,1,3,2899.0,5
2291,2024-07-04,7,131,16,5,449.0,5
2292,2024-05-29,12,105,30,3,5499.0,15
2293,2024-01-24,7,123,17,2,449.0,30
2294,2023-09-01,1,136,2,2,1399.0,5
2295,2023-11-13,1,146,3,4,89.9,5
2296,2024-04-06,10,105,26,1,5499.0,10
2297,2023-10-12,3,105,8,1,5499.0,15
2298,2023-09-29,5,144,11,2,299.0,10
2299,2023-11-22,9,134,23,2,182.32,0
2300,2023-12-27,14,149,36,1,215.03,0
2301,2023-11-02,11,107,27,4,299.0,5
2302,2023-11-29,7,129,17,1,2659.34,5
2303,2024-05-25,2,122,6,1,159.9,5
2304,2024-08-29,4,140,10,1,249.0,5
2305,2024-07-29,4,115,10,5,2899.0,0
2306,2024-01-19,6,111,13,1,149.9,20
2307,2024-04-01,7,136,17,1,1399.0,5
2308,2023-12-26,11,122,28,1,143.52,0
2309,2023-11-11,14,126,36,2,2999.0,0
2310,2023-11-20,13,126,32,1,2999.0,0
2311,2024-06-02,8,118,18,1,199.9,25
2312,2023-10-02,9,115,23,1,2899.0,20
2313,2023-11-25,15,145,37,1,159.0,25
2314,2023-11-12,13,138,32,5,2199.0,10
2315,2024-04-17,12,141,31,1,499.0,20
2316,2023-10-06,13,149,34,1,229.0,10
2317,2024-06-20,15,106,37,2,59.9,5
2318,2024-06-19,8,124,20,1,129.9,0
2319,2024-08-13,9,141,22,1,499.0,0
2320,2024-06-25,14,126,35,1,2999.0,5
2321,2024-01-15,10,111,26,2,149.9,0
2322,2024-08-21,9,105,21,1,4800.36,5
2323,2024-02-28,2,106,4,1,59.9,0
2324,2023-09-07,2,116,4,1,1799.0,5
2325,2023-10-08,12,143,31,3,399.0,5
2326,2023-12-03,9,128,21,4,1799.0,15
2327,2024-07-08,14,135,35,1,1099.0,5
2328,2023-11-19,6,124,14,2,129.9,0
2329,2024-07-29,9,101,21,1,1899.0,15
2330,2024-04-01,4,131,9,4,449.0,10
2331,2024-07-20,9,124,23,1,129.9,5
2332,2024-05-29,9,132,21,3,899.0,5
2333,2023-11-08,11,142,27,1,449.0,25
2334,2024-07-08,6,133,14,1,1199.0,15
2335,2023-11-30,10,124,25,4,129.9,0
2336,2024-08-05,6,143,14,1,399.0,0
2337,2023-10-29,14,146,36,4,89.9,5
2338,2023-10-12,15,103,38,4,2899.0,30
2339,2023-10-16,1,119,40,2,599.0,10
2340,2023-12-07,15,137,38,1,1799.0,20
2341,2023-09-12,12,128,29,2,1799.0,10
2342,2023-12-23,1,114,3,3,4899.0,0
2343,2023-11-26,6,144,13,5,299.0,25
2344,2024-08-25,10,128,26,4,1799.0,0
2345,2024-06-03,7,135,16,2,1018.0,25
2346,2024-07-16,9,111,21,1,149.9,0
2347,2024-01-26,10,107,24,2,299.0,5
2348,2023-11-29,2,119,5,1,599.0,0
2349,2024-07-30,8,143,20,3,399.0,15
2350,2023-10-05,15,122,38,1,159.9,5
2351,2023-10-25,1,116,1,1,1799.0,0
2352,2023-12-21,15,106,37,1,59.9,0
2353,2023-10-12,13,144,33,5,299.0,0
2354,2024-06-30,10,111,26,1,149.9,30
2355,2023-11-25,12,138,29,2,2199.0,0
2356,2024-02-15,14,116,36,1,1542.92,0
2357,2024-04-28,2,140,5,1,249.0,20
2358,2023-12-20,12,111,31,2,138.0,10
2359,2023-12-02,4,134,10,3,199.0,0
2360,18/01/2024,2,139,6,1,599.0,5
2361,2024-05-13,12,118,30,1,199.9,5
2362,2023-11-15,2,131,4,1,449.0,5
2363,2024-02-01,4,123,9,2,449.0,15
2364,2023-11-18,1,150,1,1,129.0,0
2365,2024-05-23,7,136,16,1,1268.43,10
2366,2023-12-31,11,132,27,1,899.0,0
2367,2024-07-02,1,144,40,3,299.0,20
2368,2023-10-18,10,122,26,3,159.9,10
2369,2023-12-29,13,145,32,1,159.0,20
2370,2023-10-04,6,110,15,4,6531.31,0
2371,2024-07-19, 3 ,144,7,3,299.0,10
2372,2023-10-25,14,150,35,1,129.0,0
2373,2023-11-21,2,117,6,1,2299.0,0
2374,2023-10-23,15,105,38,1,5499.0,15
2375,2024-08-06,14,147,36,4,199.0,15
2376,2023-10-02,3,117,7,1,2299.0,0
2377,2024-03-29,4,135,9,4,1099.0,0
2378,2024-04-09,13,138,32,3,2199.0,5
2379,2023-09-25,2,142,4,1,449.0,5
2380,2023-12-07,5,126,11,3,2999.0,5
2381,2024-07-05,13,104,33,2,3299.0,0
2382,2024-06-28,1,112,3,2,79.9,0
2383,2023-12-16,4,121,10,2,1319.84,30
2384,2023-11-26,12,135,30,3,1099.0,0
2385,2023-11-21,4,123,10,1,403.94,0
2386,2024-06-07,11,150,27,3,129.0,0
2387,2024-01-04,13,113,33,1,3499.0,10
2388,2024-03-31,12,128,29,3,1799.0,0
2389,2024-01-12,11,131,27,3,449.0,0
2390,2023-12-20,10,145,26,1,159.0,5
2391,2024-03-15,4,147,9,3,199.0,10
2392,2023-12-31,8,105,19,5,5499.0,0
2393,2024-05-14,13,112,33,1,79.9,0
2394,2023-10-23,1,126,3,3,2999.0,5
2395,2024-05-05,1,149,40,1,229.0,0
2396,2024-05-19,10,132,26,1,899.0,10
2397,2024-05-14,14,121,35,2,1499.0,5
2398,2024-06-14,2,105,4,2,5499.0,10
2399,2023-09-14,12,134,30,1,199.0,15
2400,2024-04-08,13,126,33,1,2999.0,0
2401,2024-03-25,1,139,1,1,599.0,10
2402,2024-03-14,10,114,24,1,4899.0,15
2403,2024-07-30,3,107,8,1,299.0,10
2404,2024-04-14,2,124,5,3,129.9,15
2405,2023-09-15,3,115,8,2,2899.0,0
2406,2024-05-23,6,116,15,2,1799.0,25
2407,2023-10-11,4,110,10,1,6999.0,0
2408,2023-12-26,11,139,28,1,599.0,0
2409,2024-07-25,2,121,4,1,1356.29,10
2410,2023-09-16,6,115,15,1,2899.0,0
2411,2024-06-03,8,142,19,4,419.2,0
2412,2024-04-07,14,145,35,2,159.0,30
2413,2023-12-20,1,139,40,1,599.0,5
2414,2024-01-28,7,107,17,1,299.0,0
2415,2023-12-28,1,131,40,2,449.0,10
2416,2024-01-16,5,149,11,3,229.0,20
2417,2024-04-25,4,147,10,1,199.0,5
2418,2024-03-19,4,127,10,2,2599.0,15
2419,2024-02-17,11,116,28,3,1799.0,5
2420,2023-12-16,8,137,20,1,1799.0,0
2421,2023-12-11,11,120,28,1,999.0,10
2422,2024-04-24,1,135,2,1,1099.0,25
2423,2023-11-26,9,131,23,2,449.0,5
2424,2024-04-06,12,125,31,2,2199.0,20
2425,2023-10-17,2,128,4,3,1799.0,15
2426,2023-11-16,5,134,12,4,183.09,5
2427,2024-04-03,2,114,6,3,4899.0,5
2428,2023-12-10,3,146,8,2,89.9,0
2429,2024-05-17,8,143,19,5,399.0,10
2430,2024-04-12,4,105,10,5,5499.0,0
2431,2024-06-21,8,138,19,1,2199.0,5
2432,2024-06-19,13,108,32,2,1499.0,0
2433,2023-09-14,8,109,19,2,2299.0,5
2434,2024-02-24,12,136,30,2,1399.0,0
2435,2024-03-12,6,999,13,1,2026.0,5
2436,2024-07-02,9,113,21,1,3499.0,0
2437,2024-05-14,6,141,13,1,499.0,25
2438,2024-06-15,2,117,6,2,2299.0,5
2439,2023-12-10,1,110,1,4,6629.69,0
2440,2024-01-14,6,132,15,2,899.0,5
2441,2024-07-11,8,148,18,2,127.15,0
2442,2024-08-22,8,139,20,2,599.0,0
2443,2024-04-08,15,115,39,2,2899.0,15
2444,2024-04-11,11,145,28,1,159.0,0
2445,2023-11-18,6,136,15,2,1399.0,10
2446,2024-05-17,4,106,10,3,59.9,0
2447,2024-05-18,8,107,20,1,267.93,0
2448,2024-04-27,5,141,11,1,451.33,0
2449,2023-10-19,5,115,12,3,2899.0,10
2450,2023-10-28,1,141,1,2,466.33,10
2451,2023-12-21,1,106,3,1,59.9,15
2452,2023-12-14,11,130,28,3,699.0,0
2453,2024-05-20,14,145,36,1,159.0,0
2454,2024-04-12,6,139,15,2,599.0,10
2455,2024-08-03,11,113,28,2,3499.0,20
2456,2024-05-13,12,109,30,1,2299.0,0
2457,2024-02-13,14,146,36,1,89.9,5
2458,2023-12-25,12,120,29,2,999.0,20
2459,2023-09-03,11,121,27,1,1321.44,0
2460,2023-11-01,12,128,30,1,1799.0,5
2461,2024-01-19,6,104,14,1,3299.0,0
2462,2024-08-23,15,101,37,2,1899.0,25
2463,2023-11-28, 15 ,134,38,2,199.0,5
2464,2023-11-25,8,113,20,1,3499.0,0
2465,2024-05-27,10,146,26,3,89.9,0
2466,2023-12-26,8,111,19,3,149.9,0
2467,2023-12-16,5,104,12,2,2932.36,0
2468,2024-04-26,14,112,35,2,79.9,0
2469,2023-12-27,7,124,17,1,129.9,10
2470,2023-10-27,12,108,31,5,1499.0,0
2471,2023-11-09,10,104,25,2,3299.0,0
2472,2024-06-12,3,120,7,3,999.0,5
2473,2024-01-13,9,108,22,2,1499.0,5
2474,2024-07-30,10,103,26,3,2899.0,0
2475,2023-10-25,11,147,28,2,199.0,0
2476,2023-11-21,7,145,17,3,159.0,15
2477,2023-09-13,4,124,10,1,129.9,0
2478,2024-07-11,9,150,23,2,129.0,20
2479,2023-12-09,3,120,7,1,999.0,15
2480,2024-04-10,12,139,29,2,599.0,10
2481,2023-11-27,5,132,12,1,899.0,5
2482,2023-12-16,10,110,25,1,6999.0,0
2483,2024-02-18,15,139,39,2,599.0,0
2484,2024-08-06,7,104,16,1,3299.0,0
2485,2024-07-20,6,111,13,2,149.9,20
2486,2023-09-16,7,122,17,2,159.9,20
2487,2023-11-19,11,131,28,2,449.0,15
2488,2023-12-23,3,118,7,1,199.9,5
2489,2024-03-19,3,110,8,2,6999.0,20
2490,2024-07-19,9,112,22,3,79.9,5
2491,2024-01-10,8,132,18,1,899.0,10
2492,2024-07-29,11,110,28,2,6999.0,10
2493,2024-08-20,12,109,30,1,1989.0,5
2494,2023-12-16,9,134,22,2,199.0,30
2495,2023-12-20,13,117,32,1,2299.0,5
2496,2023-12-25,15,138,39,3,2199.0,10
2497,2024-05-09,5,143,12,1,399.0,20
2498,2024-01-22,1,147,1,4,199.0,20
2499,2024-01-17,8,146,20,3,89.9,0
2500,2024-03-08,3,136,7,2,1399.0,10
2501,2023-11-03,11,132,28,2,899.0,5
2502,2023-09-08,13,130,33,1,699.0,30
2503,2023-10-09,11,145,28,1,159.0,0
2504,2024-07-27,6,131,15,1,449.0,0
2505,2023-09-27,1,121,1,1,1499.0,
2506,2023-12-10,8,140,19,1,249.0,0
2507,2024-05-04,6,122,15,1,159.9,5
2508,2023-10-27,10,146,24,1,89.9,0
2509,2023-11-10,9,103,22,1,2899.0,
2510,2024-01-12,1,133,3,3,1199.0,0
2511,2024-07-08,13,126,,3,2999.0,0
2512,2024-07-16,15,135,38,1,1099.0,10
2513,2023-11-01,7,135,17,2,1099.0,0
2514,2024-01-17,7,119,17,1,599.0,
2515,2023-10-13,11,118,27,4,173.63,5
2516,2023-09-28,5,141,12,2,499.0,0
2517,2023-10-06,12,115,31,2,2899.0,0
2518,03-27-2024,9,126,22,1,2999.0,0
2519,2023-11-08,13,105,32,2,4792.79,20
2520,2023-12-01,2,126,5,2,2999.0,15
2521,2023-11-15,14,131,35,1,419.62,0
2522,2023-11-06,7,142,16,2,403.06,0
2523,2024-02-17,11,107,28,-2,257.64,0
2524,2024-04-12,1,116,1,1,1799.0,15
2525,2024-05-14,9,123,22,1,449.0,0
2526,2024-06-06,10,141,26,2,499.0,0
2527,2023-11-02,11,140,27,2,249.0,10
2528,2024-08-14,8,124,19,1,129.9,5
2529,2024-06-13,15,999,38,1,129.9,0
2530,2024-05-06,6,135,14,2,1099.0,0
2531,2023-10-04,13,128,34,1,1799.0,0
2532,2024-01-09,5,101,12,2,1899.0,0
2533,2023-12-08,10,113,26,2,3499.0,0
2534,2024-05-03,2,132,4,1,899.0,0
2535,2024-07-27,4,137,10,1,1799.0,10
2536,2024-06-24,14,130,35,3,603.13,15
2537,2024-01-17,2,101,5,2,1899.0,0
2538,2024-08-06,7,124,17,1,129.9,0
2539,2024-08-30,8,126,20,4,2999.0,20
2540,2024-05-25,13,134,33,3,174.53,30
2541,2024-06-16,1,128,40,1,1799.0,5
2542,2024-08-31,4,131,9,1,449.0,5
2543,2023-12-03,6,136,15,1,1399.0,5
2544,2023-10-12,3,103,8,2,2899.0,0
2545,2023-09-03,4,137,10,1,1799.0,20
2546,2024-04-17,3,133,,4,1199.0,0
2547,2024-07-18,6,101,15,1,1899.0,0
2548,2024-04-06,13,118,32,2,199.9,25
2549,2023-11-08,4,104,9,1,3299.0,5
2550,2023-12-30,13,144,34,1,299.0,15
2551,2023-10-14,9,109,23,3,2045.69,10
2552,2024-08-22,9,101,23,2,1899.0,5
2553,2023-12-31,1,125,40,1,2079.29,0
2554,2023-11-17,2,115,4,1,2899.0,15
2555,2024-03-11,2,144,,2,299.0,0
2556,2024-07-09,12,138,30,4,2199.0,15
2557,2024-05-27,8,146,18,1,89.9,0
2558,2024-07-28,4,116,9,3,1696.25,10
2559,2024-01-13,3,132,7,3,899.0,10
2560,2024-06-11,9,144,21,2,299.0,20
2561,2024-04-16,5,136,12,3,1321.83,10
2562,2023-12-27,7,145,17,2,159.0,5
2563,2024-04-05,8,115,20,1,2899.0,15
2564,2024-06-17,1,140,40,2,227.49,20
2565,2023-12-01,9,126,22,3,2999.0,15
2566,2024-03-08,1,113,40,1,3499.0,5
2567,2024-08-17,6,141,14,2,499.0,0
2568,2023-12-11,8,114,19,1,4899.0,5
2569,2023-12-27,8,145,20,4,159.0,5
2570,2024-01-29,14,128,36,1,1799.0,5
2571,2023-11-05,8,132,19,2,899.0,15
